seccion,tipo,id_casilla,domicilio,ubicacion,referencia,lat,lng
0472,BASICA,1,"EMILIANO ZAPATA, SIN NÚMERO, PUEBLO NUEVO, CÓDIGO POSTAL 68018, OAXACA DE JUÁREZ, OAXACA",CORREDOR DE LA CASA EJIDAL,ENTRE LAS CALLES AQUILES SERDÁN Y VICENTE GUERRERO,17.1118185,-96.73735669999990
0472,CONTIGUA,1,"EMILIANO ZAPATA, SIN NÚMERO, PUEBLO NUEVO, CÓDIGO POSTAL 68018, OAXACA DE JUÁREZ, OAXACA",CORREDOR DE LA CASA EJIDAL,ENTRE LAS CALLES AQUILES SERDÁN Y VICENTE GUERRERO,17.1118185,-96.73735669999990
0473,BASICA,1,"ROTONDA ENRIQUE C. RÉBSAMEN, SIN NÚMERO, DEL MAESTRO, CÓDIGO POSTAL 68016, OAXACA DE JUÁREZ, OAXACA",CANCHA DE USOS MÚLTIPLES,ENFRENTE DEL INSTITUTO DE INVESTIGACIONES SOCIALES Y HUMANAS,17.1066516,-96.7528674
0474,BASICA,1,"PRIVADA DE LÓPEZ COTILLA, SIN NÚMERO, EL MAESTRO, CÓDIGO POSTAL 68016, OAXACA DE JUÁREZ, OAXACA",ESTACIONAMIENTO DE LA ESCUELA SECUNDARIA TÉCNICA NÚMERO 108,ENTRE LAS CALLES JUAN B. TOLEDO Y ANDRÉS PORTILLO,17.1028418,-96.7470935
0475,BASICA,1,"NETZAHUALCÓYOTL, SIN NÚMERO, FRACCIONAMIENTO VISTA HERMOSA, CÓDIGO POSTAL 68016, OAXACA DE JUÁREZ, OAXACA",CANCHA MULTIDISCIPLINARIA VISTA HERMOSA,"ENTRE LAS CALLES CUITLÁHUAC Y COSIJOPÍ, ENFRENTE DE LA TERMINAL DE AUTOBUSES",17.0756938,-96.7542333
0476,BASICA,1,"PLAZUELA MADERO, SIN NÚMERO, SAN FELIPE DEL AGUA, CÓDIGO POSTAL 68026, OAXACA DE JUÁREZ, OAXACA",EXPLANADA DE LA AGENCIA MUNICIPAL DE SAN FELIPE DEL AGUA,ENTRE LAS CALLES DE MAGNOLIA E ITURBIDE,17.0969688,-96.7133212
0477,BASICA,1,"NARCIZO MENDOZA, SIN NÚMERO, SAN LUIS BELTRÁN, CÓDIGO POSTAL 68023, OAXACA DE JUÁREZ, OAXACA",CANCHA DE LA AGENCIA DE POLICÍA DE SAN LUIS BELTRÁN,A UN COSTADO DE LA ESCUELA PRIMARIA URBANA 20 DE NOVIEMBRE,17.1014832,-96.6945568
0477,CONTIGUA,1,"NARCIZO MENDOZA, SIN NÚMERO, SAN LUIS BELTRÁN, CÓDIGO POSTAL 68023, OAXACA DE JUÁREZ, OAXACA",CANCHA DE LA AGENCIA DE POLICÍA DE SAN LUIS BELTRÁN,A UN COSTADO DE LA ESCUELA PRIMARIA URBANA 20 DE NOVIEMBRE,17.1014832,-96.6945568
0479,BASICA,1,"SIERRA DE LOS ALPES, SIN NÚMERO, VOLCANES, CÓDIGO POSTAL 68020, OAXACA DE JUÁREZ, OAXACA",AL EXTERIOR DEL DOMICILIO PARTICULAR,ENTRE LAS CALLES ZEMPOALTEPETL Y COFRE DE PEROTE,17.0944674,-96.7049036
0480,BASICA,1,"CAMINO A LA CHIGULERA, SIN NÚMERO, BARRIO LA CHIGULERA, CÓDIGO POSTAL 68026, OAXACA DE JUÁREZ, OAXACA",GALERA DE USOS MÚLTIPLES DEL BARRIO LA CHIGULERA,A 20 METROS DE LA CANCHA DE LA CHIGULERA,17.1093821,-96.7129158
0481,BASICA,1,"CUAUHTÉMOC, SIN NÚMERO, GUADALUPE VICTORIA, CÓDIGO POSTAL 68280, OAXACA DE JUÁREZ, OAXACA",PLAZA CÍVICA DE LA AGENCIA DE POLICÍA EJIDO GUADALUPE VICTORIA,ENFRENTE DE LA AGENCIA DE POLICÍA EJIDO GUADALUPE VICTORIA,17.1074306,-96.7225014
0481,CONTIGUA,1,"CUAUHTÉMOC, SIN NÚMERO, GUADALUPE VICTORIA, CÓDIGO POSTAL 68280, OAXACA DE JUÁREZ, OAXACA",PLAZA CÍVICA DE LA AGENCIA DE POLICÍA EJIDO GUADALUPE VICTORIA,ENFRENTE DE LA AGENCIA DE POLICÍA EJIDO GUADALUPE VICTORIA,17.1074306,-96.7225014
0483,BASICA,1,"JUAN B. TOLEDO ESQUINA ARROYO SECO, SIN NÚMERO, DEL MAESTRO, CÓDIGO POSTAL 68016, OAXACA DE JUÁREZ, OAXACA",CANCHA DE USOS MÚLTIPLES DE LA COLONIA DEL MAESTRO,ENTRE LAS CALLES EDUARDO VASCONCELOS Y VALENTÍN GÓMEZ FARÍAS,17.1025125,-96.7463343
0484,BASICA,1,"RÍO SENA, SIN NÚMERO, FRACCIONAMIENTO LOS SAUCES, CÓDIGO POSTAL 68010, OAXACA DE JUÁREZ, OAXACA",ÁREA DE MESAS DE LA UNIDAD DE LA CASA HOGAR DE ADULTOS MAYORES (CASA DE DÍA),A UN COSTADO DEL JARDÍN DE NIÑOS ÁNGELA PERALTA,17.0924266,-96.7513474
0485,BASICA,1,"CAMINO NACIONAL, SIN NÚMERO, SANTA ROSA PANZACOLA, CÓDIGO POSTAL 68039, OAXACA DE JUÁREZ, OAXACA",AGENCIA MUNICIPAL COMUNITARIA DE SANTA ROSA PANZACOLA,ENTRE CALLE DOS Y CALLE TRES,17.0874112,-96.7469399
0486,BASICA,1,"CARRETERA INTERNACIONAL, NÚMERO 214 A, SANTA ROSA PANZACOLA, CÓDIGO POSTAL 68039, OAXACA DE JUÁREZ, OAXACA",ESTACIONAMIENTO DE LA CLÍNICA DE LA MUJER,ENTRE LA CALLE SANTA CAROLINA Y ANDADOR LEONA VICARIO,17.0687177,-96.6965381
0487,BASICA,1,"NUDO MIXTECO, SIN NÚMERO, LOMAS DE SANTA ROSA, CÓDIGO POSTAL 68013, OAXACA DE JUÁREZ, OAXACA",CANCHAS DE BÁSQUETBOL LOMAS DE SANTA ROSA,ENTRE LAS CALLES CERRO DEL ORO Y CERRO DEL FORTÍN,17.0936694,-96.7431731
0488,BASICA,1,"SIERRA MAESTRA, SIN NÚMERO, LOMA LINDA, CÓDIGO POSTAL 68024, OAXACA DE JUÁREZ, OAXACA",SALÓN DE USOS MÚLTIPLES DE LA COLONIA LOMA LINDA,ENTRE LAS CALLES MARÍA LUISA Y SIERRA NEVADA,17.0895101,-96.7207843
0489,BASICA,1,"ANTONIO ROLDÁN, NÚMERO 124, OLÍMPICA, CÓDIGO POSTAL 68020, OAXACA DE JUÁREZ, OAXACA.",AL EXTERIOR DEL DOMICILIO PARTICULAR,ENTRE AVENIDA MÉXICO 68 Y CALLE RADAMÉS TREVIÑO,17.088825,-96.71435919999990
0490,BASICA,1,"POPOCATÉPETL, NÚMERO 206, VOLCANES, CÓDIGO POSTAL 68020, OAXACA DE JUAREZ, OAXACA",INSTITUTO ADOLFO FERRIERE,ENTRE MESA DE ANAHÚAC Y ZINANTÉCATL,17.0903765,-96.70907799999990
0491,BASICA,1,"MESA DE ANAHUAC, NÚMERO 513 A, VOLCANES, CÓDIGO POSTAL 68020, OAXACA DE JUÁREZ, OAXACA",DOMICILIO PARTICULAR,,17.0919246,-96.705543
0492,BASICA,1,"BUGAMBILIAS, NÚMERO 300, JARDÍN, CÓDIGO POSTAL 68023, OAXACA DE JUÁREZ, OAXACA",OFICINA DEL COMITÉ DE VIDA VECINAL (COMVIVE) EL POZO,A 20 METROS DEL PUENTE DE LA CARRETERA A SAN LUIS BELTRÁN,17.0929041,-96.70058309999990
0494,BASICA,1,"POCHUTLA, NÚMERO 309, SIETE REGIONES, CÓDIGO POSTAL 68023, OAXACA DE JUÁREZ, OAXACA",ESCUELA PRIMARIA GUELAGUETZA,ENTRE LAS CALLES MIXTECA E IXTLÁN,17.0888517,-96.6959409
0495,BASICA,1,"5 DE FEBRERO, NÚMERO 119, DOLORES, CÓDIGO POSTAL 68028, OAXACA DE JUÁREZ, OAXACA",AL EXTERIOR DEL DOMICILIO PARTICULAR,ENTRE LAS CALLES AQUILES SERDÁN E HIDALGO,17.087802,-96.70119679999990
0496,BASICA,1,"PLAN DE AYALA, SIN NÚMERO, DOLORES, CÓDIGO POSTAL 68028, OAXACA DE JUÁREZ, OAXACA",PARQUE PONIENTE,ESQUINA CALLE FRANCISCO VILLA Y PLAN DE AYALA,17.0857889,-96.7080263
0497,BASICA,1,"PARICUTÍN, NÚMERO 411, VOLCANES, CÓDIGO POSTAL 68020, OAXACA DE JUÁREZ, OAXACA",AL EXTERIOR DEL DOMICILIO PARTICULAR,ENTRE LAS CALLES QUINCEO Y RÍO QUIOTEPEC,17.0876292,-96.7064347
0498,BASICA,1,"ANDADOR JÚPITER, SIN NÚMERO, UNIDAD HABITACIONAL INFONAVIT PRIMERO DE MAYO, CÓDIGO POSTAL 68027, OAXACA DE JUÁREZ, OAXACA",PLAZA LAS GALAXIAS,ESQUINA ANDADOR NEPTUNO Y ANDADOR SELENE,17.0867604,-96.7102242
0499,BASICA,1,"SECTOR 1, SIN NÚMERO, SEGUNDA ETAPA, UNIDAD HABITACIONAL INFONAVIT PRIMERO DE MAYO, CÓDIGO POSTAL 68027, OAXACA DE JUÁREZ, OAXACA",CANCHAS DE BÁSQUETBOL,ENTRE LAS CALLES MÉXICO 68 Y CIRCUITO PONIENTE,17.0865092,-96.71428139999990
0501,BASICA,1,"6 ORIENTE, NÚMERO 106, CUAUHTÉMOC, CÓDIGO POSTAL 68010, OAXACA DE JUÁREZ, OAXACA",DOMICILIO PARTICULAR,ENTRE LAS CALLES PÍPILA Y EJÉRCITO NACIONAL,17.0861042,-96.7444575
0502,BASICA,1,"10 NORTE, NÚMERO 203, CUAUHTÉMOC, CÓDIGO POSTAL 68030, OAXACA DE JUÁREZ, OAXACA",ESTACIONAMIENTO DEL HOTEL MARÍA TERESA INN,ENTRE LA CALLE 9 NORTE Y ANDADOR EL TEQUIO,17.0889093,-96.74363869999990
0502,CONTIGUA,1,"10 NORTE, NÚMERO 203, CUAUHTÉMOC, CÓDIGO POSTAL 68030, OAXACA DE JUÁREZ, OAXACA",ESTACIONAMIENTO DEL HOTEL MARÍA TERESA INN,ENTRE LA CALLE 9 NORTE Y ANDADOR EL TEQUIO,17.0889093,-96.74363869999990
0503,BASICA,1,"PRIMERA PONIENTE, NÚMERO 728, CUAUHTÉMOC, CÓDIGO POSTAL 68030, OAXACA DE JUÁREZ, OAXACA",DOMICILIO PARTICULAR,ENTRE LAS CALLES 7 NORTE Y 9 NORTE,17.0888709,-96.7447119
0504,BASICA,1,"VILLA HERMOSA, SIN NÚMERO, FRACCIONAMIENTO LOS CEDROS, SANTA ROSA PANZACOLA, CÓDIGO POSTAL 68010, OAXACA DE JUÁREZ, OAXACA",CANCHA DEPORTIVA LOS CEDROS,ENFRENTE DE LA QUINTA PRIVADA DE VILLA HERMOSA,17.0904527,-96.75040290000000
0505,BASICA,1,"MANUEL ÁVILA CAMACHO, NÚMERO 100, GUADALUPE VICTORIA, CÓDIGO POSTAL 68026, OAXACA DE JUÁREZ, OAXACA",DOMICILIO PARTICULAR,ENTRE LAS CALLES ADOLFO LÓPEZ MATEOS Y ÁLVARO OBREGÓN,17.0841502,-96.74771609999990
0506,BASICA,1,"6 NORTE, NÚMERO 308, CUAUHTÉMOC, CÓDIGO POSTAL 68030, OAXACA DE JUÁREZ, OAXACA",DOMICILIO PARTICULAR,ESQUINA CALLE 6 NORTE Y 4 ORIENTE,17.0835852,-96.7422696
0507,BASICA,1,"CIRCUITO DE AHUEHUETES FRACCIONAMIENTO PASOS ARCOS, OAXACA DE JUAREZ 68045",,A UN COSTADO DEL MERCADO AURORA,17.0818593,-96.7270605
0508,BASICA,1,"ROCÍO, NÚMERO 320, LOMAS DEL CRESTÓN, CÓDIGO POSTAL 68046, OAXACA DE JUÁREZ, OAXACA",AL EXTERIOR DEL DOMICILIO PARTICULAR,ESQUINA CON CALLE DIAMANTE,17.0865494,-96.72035249999990
0509,BASICA,1,"GERANIOS, 204, REFORMA, CÓDIGO POSTAL 68050, OAXACA DE JUÁREZ, OAXACA",LIBRERIA MARANATA ,ENTRE AVENIDA DE LAS ETNIAS Y CALLE EMILIO CARRANZA,17.0836699,-96.7150092
0510,BASICA,1,"PROLETARIADO MEXICANO, SIN NÚMERO, UNIDAD HABITACIONAL FOVISSSTE, CÓDIGO POSTAL 68027, OAXACA DE JUÁREZ, OAXACA",EXPLANADA DE PROMOTORA DEL DESARROLLO COMUNITARIO DEL MÓDULO SOCIAL RICARDO FLORES MAGÓN ASOCIACIÓN CIVIL FOVISSSTE,ENTRE LA CALLE ADOLFO LÓPEZ MATEOS Y BOULEVARD MÁRTIRES DE CHICAGO,17.0849834,-96.7128347
0511,BASICA,1,"ESTEBAN BACA CALDERÓN, NÚMERO 303, CUARTA ETAPA INFONAVIT PRIMERO DE MAYO, CÓDIGO POSTAL 68027, OAXACA DE JUÁREZ, OAXACA",ALBERGUE MUNICIPAL DE OAXACA DE JUÁREZ (CASA DE DÍA),A UN COSTADO DEL GIMNASIO MUNICIPAL,17.0833264,-96.7090539
0512,BASICA,1,"CENTRAL, SIN NÚMERO, CUARTA ETAPA INFONAVIT PRIMERO DE MAYO, CÓDIGO POSTAL 68027, OAXACA DE JUÁREZ, OAXACA",PLAZUELA DE SAN JOSÉ,A UN COSTADO DE LA CAPILLA DE SAN JOSÉ,17.0865092,-96.71428139999990
0513,BASICA,1,"RÍO COPALITA, SIN NÚMERO, FRACCIONAMIENTO LOS RÍOS, CÓDIGO POSTAL 68028, OAXACA DE JUÁREZ, OAXACA",PARQUE LOS RÍOS,ENTRE LAS CALLES RÍO PAPALOAPAN Y RÍO COTZACOALCOS,17.0845294,-96.7005619
0514,BASICA,1,"BENITO JUÁREZ, SIN NÚMERO, DOLORES, CÓDIGO POSTAL 68028, OAXACA DE JUÁREZ, OAXACA",EXPLANADA DE LA AGENCIA MUNICIPAL DE DOLORES,ENTRE ANDADOR RÍO GRANDE Y CALLE RICARDO FLORES MAGÓN,17.0865618,-96.7023026
0515,BASICA,1,"AVENIDA RÍO GRANDE, SIN NÚMERO, UNIDAD HABITACIONAL RICARDO FLORES MAGÓN, CÓDIGO POSTAL 68025, OAXACA DE JUÁREZ, OAXACA",SALÓN DE USOS MÚLTIPLES,ENTRE LAS CALLES RÍO GRIJALVA Y PASEO PONIENTE,17.0850688,-96.6994015
0516,BASICA,1,"CENTRAL ORIENTE PONIENTE , SIN NÚMERO, UNIDAD HABITACIONAL RICARDO FLORES MAGÓN, CÓDIGO POSTAL 68025, OAXACA DE JUÁREZ, OAXACA",ESCUELA JARDIN DE NIÑOS MARIA DE JESUS VIVAS DE CASTILLO ,,17.0850869,-96.696438
0517,BASICA,1,"PASEO CENTRAL, SIN NÚMERO, UNIDAD HABITACIONAL RICARDO FLORES MAGÓN, CÓDIGO POSTAL 68025, OAXACA DE JUÁREZ, OAXACA",CANCHA DEPORTIVA DEL PASEO CENTRAL,ENTRE LAS CALLES ROSALIO BUSTAMANTE Y DÍAZ ZOTO,17.0838853,-96.6957925
0518,BASICA,1,"LA VOZ DE LA MUJER, SIN NÚMERO, UNIDAD HABITACIONAL RICARDO FLORES MAGÓN, CÓDIGO POSTAL 68025, OAXACA DE JUÁREZ, OAXACA",PLAZUELA VOZ DE LA MUJER,ENTRE ANDADOR PASEO PONIENTE Y CALLE LIBERTAD DE LA PRENSA,17.0822905,-96.6975124
0519,BASICA,1,"7 DE ENERO, SIN NÚMERO, UNIDAD HABITACIONAL INFONAVIT PRIMERO DE MAYO, CÓDIGO POSTAL 68020, OAXACA DE JUÁREZ, OAXACA",CANCHA DE VOLEIBOL,ENTRE LOS ANDADORES EBANISTERÍA Y CAOBA,17.0810903,-96.7091501
0520,BASICA,1,"IGNACIO MARISCAL ESQUINA MARCOS PÉREZ, SIN NÚMERO, UNIDAD HABITACIONAL DEL ISSSTE, CÓDIGO POSTAL 68024, OAXACA DE JUÁREZ, OAXACA",ESTACIONAMIENTO DE LA UNIDAD HABITACIONAL DEL ISSSTE,A UN COSTADO DEL PARQUE RECREATIVO,17.0828005,-96.7237243
0521,BASICA,1,"DOCTOR ALBERTO VARGAS, NÚMERO 26, AURORA, CÓDIGO POSTAL 68045, OAXACA DE JUÁREZ, OAXACA",AL EXTERIOR DEL DOMICILIO PARTICULAR,ENTRE LAS CALLES MÁRTIRES DE RÍO BLANCO Y PINOS,17.0808413,-96.7287181
0522,BASICA,1,"MÉXICO, NÚMERO 103, LINDA VISTA, CÓDIGO POSTAL 68030, OAXACA DE JUÁREZ, OAXACA",PÓRTICO DE LA ESCUELA PRIMARIA ADOLFO LÓPEZ MATEOS,ENTRE LAS CALLES PUEBLA Y SONORA,17.0801201,-96.74100999999990
0523,BASICA,1,"ANTEQUERA, NÚMERO 105, SAN FRANCISCO, CÓDIGO POSTAL 68030, OAXACA DE JUÁREZ, OAXACA",INSTITUTO CARLOS GRACIDA A.C.,ENTRE LAS CALLES EL MARQUESADO Y DEL FORTÍN,17.0819656,-96.74240379999990
0524,BASICA,1,"AVENIDA MONTOYA, SIN NÚMERO, MONTOYA, CÓDIGO POSTAL 68036, OAXACA DE JUÁREZ, OAXACA",AGENCIA DE MONTOYA,A UN COSTADO DE LA GASOLINERA DE MONTOYA,17.0729492,-96.7561024
0524,CONTIGUA,1,"AVENIDA MONTOYA, SIN NÚMERO, MONTOYA, CÓDIGO POSTAL 68036, OAXACA DE JUÁREZ, OAXACA",AGENCIA DE MONTOYA,A UN COSTADO DE LA GASOLINERA DE MONTOYA,17.0729492,-96.7561024
0525,BASICA,1,"CALZADA MADERO, NÚMERO 907, BARRIO DEL EX MARQUESADO, CÓDIGO POSTAL 68034, OAXACA DE JUÁREZ, OAXACA",ENFRENTE DE HOTEL LOS OLIVOS,,17.0772885,-96.7419888
0526,BASICA,1,"GUSTAVO DÍAZ ORDAZ, NÚMERO 205, BENITO JUÁREZ, CÓDIGO POSTAL 68030, OAXACA DE JUÁREZ, OAXACA",AL EXTERIOR DE LA OFICINA DEL COMITÉ DE VIDA VECINAL (COMVIVE) DE LA COLONIA BENITO JUÁREZ,ENTRE CARRETERA CRISTÓBAL COLÓN Y TERCERA CALLE DE INGENIERO VÍCTOR BRAVO AHUJA,17.0755646,-96.73475189999990
0527,BASICA,1,"NEPTUNO, SIN NÚMERO, ESTRELLA, CÓDIGO POSTAL 68045, OAXACA DE JUÁREZ, OAXACA",TANQUE DE REBOMBEO DE LA COLONIA ESTRELLA DEL SISTEMA OPERADOR DE LOS SERVICIOS DE AGUA POTABLE Y ALCANTARILLADO (SOAPA),A 100 METROS DE LA JUNTA LOCAL EJECUTIVA DEL INE OAXACA,17.0759347,-96.7276433
0528,BASICA,1,"RÍO AMAZONAS, SIN NÚMERO, LA CASCADA, CÓDIGO POSTAL 68040, OAXACA DE JUÁREZ, OAXACA",MERCADO ZONAL LA CASCADA,ENTRE CALLE RÍO NILO Y CALLE RÍO PEDREGAL,17.0767331,-96.7242336
0529,BASICA,1,CALZADA PORFIRIO DIAZ 243COLONIA REFORMA OAXACA DE JAUREZ OAXACA CODIGO POSTAL 68050,,CONTRA ESQUINA DE PLAZA PARQUE ,17.0798709,-96.7166728
0530,BASICA,1,"VIOLETAS, NÚMERO 401, REFORMA, CÓDIGO POSTAL 68050, OAXACA DE JUÁREZ, OAXACA",PLAZA COMERCIAL PABELLÓN VIOLETAS,ENTRE LAS CALLES HEROICA ESCUELA NAVAL MILITAR Y ÁLAMOS,17.0786438,-96.7105596
0531,BASICA,1,"PENSAMIENTOS, SIN NÚMERO, REFORMA, CÓDIGO POSTAL 68050, OAXACA DE JUÁREZ, OAXACA",AL EXTERIOR DEL DOMICILIO PARTICULAR,ENTRE LAS CALLES SABINOS Y PALMERAS,17.0750874,-96.7097094
0532,BASICA,1,"BELISARIO DOMÍNGUEZ, NÚMERO 718, REFORMA, CÓDIGO POSTAL 68050, OAXACA DE JUÁREZ, OAXACA",DOMICILIO PARTICULAR,ENTRE HEROICO COLEGIO MILITAR Y MANUEL RUIZ,17.074721,-96.7125118
0533,BASICA,1,"PALMERAS ESQUINA CON AMAPOLAS, SIN NÚMERO, REFORMA, CÓDIGO POSTAL 68050, OAXACA DE JUÁREZ, OAXACA",CENTRO DE ASISTENCIA INFANTIL COMUNITARIO (CAIC) NÚMERO 7,A UN COSTADO DE LA ESCUELA PRIMARIA CARLOS A. CARRILLO,17.0762953,-96.71487599999990
0534,BASICA,1,"NETZAHUALCÓYOTL, NÚMERO 109, REFORMA, CÓDIGO POSTAL 68050, OAXACA DE JUÁREZ, OAXACA",CENTRO DE APOYO PARA LA INTEGRACIÓN DEL NIÑO DOWN A.C,ENTRE CALZADA NIÑOS HÉROES DE CHAPULTEPEC Y PRIVADA DE ALMENDROS,17.0726261,-96.7180326
0535,BASICA,1,"BENITO JUÁREZ, SIN NÚMERO, BARRIO DE XOCHIMILCO, CÓDIGO POSTAL 68040, OAXACA DE JUÁREZ, OAXACA",CENTRO DE ASISTENCIA INFANTIL COMUNITARIO (CAIC) NÚMERO 8,A UNA CUADRA DEL PANTEÓN DE XOCHIMILCO,17.0619368,-96.73077479999990
0536,BASICA,1,"PRIVADA DE LA PLAZUELA VICENTE GUERRERO, NÚMERO 122, BARRIO DEL EX MARQUESADO, CÓDIGO POSTAL 68034, OAXACA DE JUÁREZ, OAXACA",DOMICILIO PARTICULAR,A 90 METROS DEL TEMPLO EVANGÉLICO,17.0665934,-96.7349397
0537,BASICA,1,"CALLE 20 DE NOVIEMBRE , NÚMERO 216, SANTA MARÍA EX MARQUESADO, CÓDIGO POSTAL 68034, OAXACA DE JUÁREZ, OAXACA",DOMICILIO PARTICULAR,,17.0793826,-96.7410182
0538,BASICA,1,"5 DE FEBRERO, NÚMERO 310, SANTA MARÍA EX MARQUESADO, CÓDIGO POSTAL 68034, OAXACA DE JUÁREZ, OAXACA",AL EXTERIOR DEL DOMICILIO PARTICULAR,ENTRE PROLONGACIÓN MONTES DE OCA Y CALLE OJITO DE AGUA,17.0742827,-96.73637149999990
0539,BASICA,1,"LUIS ENRIQUE ERRO, NÚMERO 100, VICENTE SUÁREZ, CÓDIGO POSTAL 68030, OAXACA DE JUÁREZ, OAXACA",ESCUELA SECUNDARIA TÉCNICA NÚMERO 64,A 70 METROS DEL MONUMENTO A LOS NIÑOS HÉROES,17.0720378,-96.738869
0540,BASICA,1,"AVENIDA MANUEL GÓMEZ MORÍN, NÚMERO 907, EL ARENAL, SAN MARTÍN MEXICAPAM, CÓDIGO POSTAL 68148, OAXACA DE JUÁREZ, OAXACA",ESTACIONAMIENTO DEL CENTRO DE DESARROLLO COMUNITARIO DIF PILARES OAXACA,ENTRE LA CALLE ALIANZA POPULAR Y PRIMERA PRIVADA DE PINO SUÁREZ,17.0694176,-96.7429719
0540,CONTIGUA,1,"AVENIDA MANUEL GÓMEZ MORÍN, NÚMERO 907, EL ARENAL, SAN MARTÍN MEXICAPAM, CÓDIGO POSTAL 68148, OAXACA DE JUÁREZ, OAXACA",ESTACIONAMIENTO DEL CENTRO DE DESARROLLO COMUNITARIO DIF PILARES OAXACA,ENTRE LA CALLE ALIANZA POPULAR Y PRIMERA PRIVADA DE PINO SUÁREZ,17.0694176,-96.7429719
0541,BASICA,1,"PLUTARCO ELÍAS CALLES, NÚMERO 210, LÁZARO CÁRDENAS, SAN MARTÍN MEXICAPAM, CÓDIGO POSTAL 68140, OAXACA DE JUÁREZ, OAXACA",DOMICILIO PARTICULAR,ENTRE CALLE VENUSTIANO CARRANZA Y ANDADOR FRANCISCO I. MADERO,17.0654251,-96.74974429999990
0541,CONTIGUA,1,"PLUTARCO ELÍAS CALLES, NÚMERO 210, LÁZARO CÁRDENAS, SAN MARTÍN MEXICAPAM, CÓDIGO POSTAL 68140, OAXACA DE JUÁREZ, OAXACA",DOMICILIO PARTICULAR,ENTRE CALLE VENUSTIANO CARRANZA Y ANDADOR FRANCISCO I. MADERO,17.0654251,-96.74974429999990
0542,BASICA,1,"IGNACIO MEJÍA, NÚMERO 59, FRACCIONAMIENTO MONTOYA, CÓDIGO POSTAL 68140, OAXACA DE JUÁREZ, OAXACA",GALERA DEL COMITÉ DE VIDA VECINAL (COMVIVE) DEL FRACCIONAMIENTO MONTOYA,ENTRE LAS CALLES PORFIRIO DÍAZ Y BENITO JUÁREZ,17.0709677,-96.75756469999990
0544,BASICA,1,"13 DE SEPTIEMBRE, SIN NÚMERO, VICENTE SUÁREZ, CÓDIGO POSTAL 68000, OAXACA DE JUÁREZ, OAXACA",CANCHAS DE BÁSQUETBOL DE LA COLONIA VICENTE SUÁREZ,A 50 METROS DEL JARDÍN DE NIÑOS ANDRÉS HENESTROSA,17.0726541,-96.7430229
0545,BASICA,1,"CALZADA MADERO, NÚMERO 912, EX MARQUESADO, CÓDIGO POSTAL 68000, OAXACA DE JUÁREZ, OAXACA",INSTITUTO HINCKLEY,ENTRE CALLEJÓN FRANCISCO MONTES DE OCA Y CALLE JUAN DE LA BARRERA,17.0716277,-96.7377593
0546,BASICA,1,"IGNACIO CONMONFORT, COLONIA GUELAGUETZA OAXACA DE JUAREZ",A DOS CUADRAS DEL ESTACIONAMIENTO DEL AUDITORIO.,,17.0680464,-96.727581
0547,BASICA,1,"PORFIRIO DÍAZ, SIN NÚMERO, LUIS JIMÉNEZ FIGUEROA, CÓDIGO POSTAL 68070, OAXACA DE JUÁREZ, OAXACA",PLAZUELA DEL MERCADO SÁNCHEZ PASCUAS,ENTRE LA CALLE ABRAHAM CASTELLANOS Y CALLEJÓN HIDALGO,17.0706681,-96.7248262
0548,BASICA,1,"XÓLOTL, SIN NÚMERO, CENTRO, CÓDIGO POSTAL 68000, OAXACA DE JUÁREZ, OAXACA",EXPLANADA DEL JARDÍN CARBAJAL,ENTRE CALLE XÓLOTL Y COSIJOPI,17.0696513,-96.7237779
0549,BASICA,1,"LICENCIADO PRIMO DE VERDAD, SIN NÚMERO, ESQUINA CON AVENIDA JUÁREZ, CENTRO, CÓDIGO POSTAL 68000, OAXACA DE JUÁREZ, OAXACA",AL EXTERIOR DE LA ESCUELA SECUNDARIA MOISÉS SÁENZ,ENTRE AVENIDA BENITO JUÁREZ Y CALLE PINO SUÁREZ,17.0671147,-96.7204088
0550,BASICA,1,AMAPOLAS 214 COLONIA REFORMA OAXACA DE JUAREZ CODIGO POSTAL 68050,,A MEDIA CUADRA DE LA IGLESIA MORMONA ,17.0730399,-96.7155592
0551,BASICA,1,"AVENIDA HEROICO COLEGIO MILITAR, NÚMERO 221, REFORMA, CÓDIGO POSTAL 68050, OAXACA DE JUÁREZ, OAXACA",ESTACIONAMIENTO DEL LICEO UNIVERSITARIO DE OAXACA,ENTRE LAS CALLES EUCALIPTOS Y ALMENDROS,17.073607,-96.7133514
0552,BASICA,1,"PERÚ, NÚMERO 506, AMÉRICA NORTE, CÓDIGO POSTAL 68050, OAXACA DE JUÁREZ, OAXACA",AL EXTERIOR DEL DOMICILIO PARTICULAR,ENTRE LAS CALLES DE ALMENDROS Y HONDURAS,17.0709067,-96.7085974
0553,BASICA,1,"PRIVADA EDUARDO VASCONCELOS, NÚMERO 406, BARRIO JALATLACO, CÓDIGO POSTAL 68080, OAXACA DE JUAREZ, OAXACA",CENTRO DE ATENCIÓN MÚLTIPLE C.A.M. 52,ENTRE LA CALLE DERECHOS HUMANOS Y BOULEVARD EDUARDO VASCONCELOS,17.0701587,-96.7095071
0554,BASICA,1,"BOULEVARD EDUARDO VASCONCELOS, NÚMERO 811, BARRIO DE JALATLACO, CÓDIGO POSTAL 68080, OAXACA DE JUÁREZ, OAXACA",TRASPATIO DE LA UNIVERSIDAD CESEEO,ENTRE CALZADA NIÑOS HÉROES DE CHAPULTEPEC Y CALLE ANTEQUERA,17.0695684,-96.7139067
0555,BASICA,1,"REFORMA, NÚMERO 601, CENTRO, CÓDIGO POSTAL 68000, OAXACA DE JUÁREZ, OAXACA",ESTACIONAMIENTO REFORMA,"ENTRE LAS CALLES BERRIOZABAL Y HUMBOLDT, FRENTE AL SALÓN ZORBA EL GRIEGO",17.0675356,-96.72154189999990
0556,BASICA,1,"MANUEL GARCÍA VIGIL, NÚMERO 610, CENTRO, CÓDIGO POSTAL 68000, OAXACA DE JUÁREZ, OAXACA.",CENTRO GASTRONÓMICO,ENTRE LAS CALLES COSIJOPÍ Y LEONA VICARIO,17.0684217,-96.7241543
0557,BASICA,1,"CRESPO, NÚMERO 509, CENTRO, CÓDIGO POSTAL 68000, OAXACA DE JUÁREZ, OAXACA",CENTRO DE ASISTENCIA INFANTIL COMUNITARIO (CAIC) NÚMERO 1,ENTRE PANORÁMICA DEL FORTÍN Y ESCALERAS DEL FORTÍN,17.0667253,-96.72783249999990
0558,BASICA,1,"REVOLUCIÓN, NÚMERO 404, UNIÓN, CÓDIGO POSTAL 68060, OAXACA DE JUAREZ, OAXACA",CANCHA TECHADA DE LA ESCUELA PRIMARIA PATRIA LIBRE,ENTRE RIVERAS DEL RÍO ATOYAC Y CALLE BENITO JUÁREZ,17.0672199,-96.7402626
0559,BASICA,1,"MACEDONIO ALCALÁ, NÚMERO 125, EMILIANO ZAPATA, CÓDIGO POSTAL 68148, OAXACA DE JUÁREZ, OAXACA",CENTRO CULTURAL EMILIANO ZAPATA,ENTRE LAS CALLES JUVENTINO ROSAS Y CAMINO NACIONAL (EMILIANO ZAPATA),17.0661955,-96.7455014
0560,BASICA,1,"JAZMINES, SIN NÚMERO, AZUCENA, CÓDIGO POSTAL 68144, OAXACA DE JUÁREZ, OAXACA",CANCHAS DE BÁSQUETBOL DE LA UNIDAD DEPORTIVA DEL EJIDO DE SAN MARTÍN MEXICAPAM,A UN COSTADO DE LAS CANCHAS DE FÚTBOL DE LA LÁZARO,17.0666859,-96.7561787
0560,CONTIGUA,1,"JAZMINES, SIN NÚMERO, AZUCENA, CÓDIGO POSTAL 68144, OAXACA DE JUÁREZ, OAXACA",CANCHAS DE BÁSQUETBOL DE LA UNIDAD DEPORTIVA DEL EJIDO DE SAN MARTÍN MEXICAPAM,A UN COSTADO DE LAS CANCHAS DE FÚTBOL DE LA LÁZARO,17.0666859,-96.7561787
0561,BASICA,1,"AVENIDA ITANDEHUI, NÚMERO 310, MIGUEL HIDALGO, SAN MARTÍN MEXICAPAM, CÓDIGO POSTAL 68140, OAXACA DE JUÁREZ, OAXACA",CENTRO DE ASISTENCIA INFANTIL COMUNITARIO (CAIC) NÚMERO 9,ENTRE LAS CALLES ITURBIDE Y MORELOS,17.0641336,-96.7505388
0562,BASICA,1,"ANÁHUAC, SIN NÚMERO, NETZAHUALCÓYOTL, SAN MARTÍN MEXICAPAM, CÓDIGO POSTAL 68140, OAXACA DE JUÁREZ, OAXACA",CANCHAS DE LA COLONIA NETZAHUALCÓYOTL,ENTRE AVENIDA OAXACA Y MIXCÓATL,17.0612239,-96.7496826
0563,BASICA,1,"AYOCUAN, NÚMERO 113, NETZAHUALCÓYOTL, SAN MARTÍN MEXICAPAM, CÓDIGO POSTAL 68140, OAXACA DE JUÁREZ, OAXACA",AL EXTERIOR DEL DOMICILIO PARTICULAR,ENTRE LAS CALLES GUELAGUETZA Y MIXCÓATL,17.06193,-96.74782289999990
0564,BASICA,1,"ANDADOR DEMETRIO MANUEL NAVARRETE, SIN NÚMERO, SAN MARTÍN MEXICAPAM, CÓDIGO POSTAL 68140, OAXACA DE JUÁREZ, OAXACA",CANCHA DE BÁSQUETBOL DE LA AGENCIA DE SAN MARTÍN MEXICAPAM,ENTRE CALLE INDEPENDENCIA Y AVENIDA MONTE ALBÁN,17.0610935,-96.7432371
0565,BASICA,1,"PROLONGACIÓN DE GUADALUPE VICTORIA, NÚMERO 342, LIBERTAD, CÓDIGO POSTAL 68090, OAXACA DE JUÁREZ, OAXACA",OFICINAS DEL SISTEMA OPERADOR DE LOS SERVICIOS DE AGUA POTABLE Y ALCANTARILLADO (SOAPA),ENTRE TERCERA PRIVADA DE GUADALUPE VICTORIA Y PERIFÉRICO,17.0644448,-96.73672889999990
0566,BASICA,1,"DIVISIÓN ORIENTE, NÚMERO 225, BARRIO EX MARQUESADO, CÓDIGO POSTAL 68034, OAXACA DE JUÁREZ, OAXACA",CENTRO DE ASISTENCIA INFANTIL COMUNITARIO (CAIC) NÚMERO 3,ENTRE LAS CALLES MARIANO ESCOBEDO Y MANUEL NEGRETE,17.065285,-96.7332071
0567,BASICA,1,"CALLEJÓN DE LOS REYES, NÚMERO 108, BARRIO EX MARQUESADO, CÓDIGO POSTAL 68034, OAXACA DE JUÁREZ, OAXACA",DOMICILIO PARTICULAR,ENTRE CALLE 2 DE ABRIL Y PRIVADA PRIMERA DE CALLEJÓN DE LOS REYES,17.0011664,-96.7495702
0568,BASICA,1,"PORFIRIO DÍAZ, NÚMERO 115, ESQUINA CON AVENIDA MORELOS, CENTRO, CÓDIGO POSTAL 68000, OAXACA DE JUÁREZ, OAXACA",PATIO DE LA BIBLIOTECA ANDRÉS HENESTROSA,ENTRE LAS AVENIDAS INDEPENDENCIA Y MORELOS,17.0630606,-96.7265705
0569,BASICA,1,"PRIVADA DE CURTIDURÍAS, SIN NÚMERO, CENTRO, CÓDIGO POSTAL 68000, OAXACA DE JUÁREZ, OAXACA",AL EXTERIOR DEL DOMICILIO PARTICULAR,ATRÁS DEL PANTEÓN GENERAL,17.0656413,-96.7153506
0570,BASICA,1,"PROLONGACIÓN DE REFUGIO ESQUINA 5 DE FEBRERO, SIN NÚMERO, UNIDAD MODELO, CÓDIGO POSTAL 68100, OAXACA DE JUÁREZ, OAXACA",CENTRO DE ASISTENCIA INFANTIL COMUNITARIO (CAIC) NÚMERO 6,ENTRE PROLONGACIÓN DE REFUGIO Y CALLE UNIDAD MODELO,17.0628721,-96.711468
0571,BASICA,1,"MARIANO ABASOLO, NÚMERO 314, CENTRO, CÓDIGO POSTAL 68000, OAXACA DE JUÁREZ, OAXACA",SECUNDARIA UNIVAS,ENTRE CALLE JOSÉ MARÍA PINO SUÁREZ Y AVENIDA BENITO JUÁREZ,17.0639103,-96.7204793
0572,BASICA,1,"VICENTE GUERRERO, NÚMERO 308, CENTRO, CÓDIGO POSTAL 68000, OAXACA DE JUÁREZ, OAXACA",PATIO DE LA UNIREU,ENTRE CALLE MANUEL FERNÁNDEZ FIALLO Y CALLE DE MELCHOR OCAMPO,17.0591961,-96.7226828
0573,BASICA,1,"GARCÍA VIGIL, NÚMERO 215, CENTRO, CÓDIGO POSTAL 68000, OAXACA DE JUÁREZ, OAXACA",ESCUELA MUNICIPAL DE CAPACITACIÓN ARTESANAL E INDUSTRIAL,ENTRE CALLE MARIANO MATAMOROS Y AVENIDA JOSÉ MARÍA MORELOS,17.0636835,-96.7254313
0574,BASICA,1,"CALZADA MADERO, NÚMERO 113, CENTRO, CÓDIGO POSTAL 68000, OAXACA DE JUÁREZ, OAXACA",OFICINAS DE LA SECRETARÍA DE COMUNICACIONES Y TRANSPORTES OAXACA,ENTRE LA CALLE GUADALUPE VICTORIA Y ANDADOR DE HUZARES,17.0631532,-96.7329311
0575,BASICA,1,"AVENIDA MANUEL GÓMEZ MORÍN, SIN NÚMERO, JARDÍNES, CÓDIGO POSTAL 68140, OAXACA DE JUÁREZ, OAXACA",ESTACIONAMIENTO DE LA ESCUELA SECUNDARIA VICENTE GUERRERO,ENTRE CALLE VALERIO TRUJANO Y CALLE PROGRESO,17.0652416,-96.7406989
0576,BASICA,1,"MONTE ALBÁN, NÚMERO 428, SAN MARTÍN MEXICAPAM, CÓDIGO POSTAL 68140, OAXACA DE JUÁREZ, OAXACA",DOMICILIO PARTICULAR,ENTRE PRIVADA 4TA DE AVENIDA MONTE ALBÁN Y PRIVADA 2A INDEPENDENCIA,17.0599793,-96.7450477
0577,BASICA,1,"REFORMA, NÚMERO 115, PRESIDENTE JUÁREZ, SAN MARTÍN MEXICAPAM, CÓDIGO POSTAL 68146, OAXACA DE JUÁREZ, OAXACA",AUDITORIO PRESIDENTE JUÁREZ,ENTRE IGNACIO ZARAGOZA Y PLAN DE AYUTLA,17.0593335,-96.7516766
0578,BASICA,1,"PRIVADA DE REFORMA, NÚMERO 103, PRESIDENTE JUÁREZ, CÓDIGO POSTAL 68140, SAN MARTÍN MEXICAPAM, OAXACA DE JUÁREZ, OAXACA",AL EXTERIOR DEL DOMICILIO PARTICULAR,A UN COSTADO DE LA ESCUELA PRIMARIA PROFESOR POLICARPO T. SANCHEZ,17.0597988,-96.7429115
0579,BASICA,1,"CARRETERA A MONTE ALBÁN, KILÓMETRO 4.5, MONTE ALBÁN, CÓDIGO POSTAL 68154, OAXACA DE JUÁREZ, OAXACA",CENTRO MUNICIPAL DE EDUCACIÓN PARA ADULTOS PLAZA COMUNITARIA,ENTRE LAS CALLES ZAACHILA Y MENEYADELA,17.0532009,-96.7518179
0580,BASICA,1,"MEXICAS, SIN NÚMERO, FRACCIONAMIENTO COLINAS DE MONTE ALBÁN, CÓDIGO POSTAL 68140, OAXACA DE JUÁREZ, OAXACA",CANCHA DEL FRACCIONAMIENTO COLINAS DE MONTE ALBÁN,ENTRE LAS CALLES TRIQUIS Y CHONTALES,17.056271,-96.7514066
0581,BASICA,1,"CUARTA NAVE, LOCAL 37, COSIJOEZA, CÓDIGO POSTAL 68090, OAXACA DE JUÁREZ, OAXACA",ESTACIONAMIENTO DE LA CUARTA NAVE DE LAS BODEGAS DE FRUTA DE LA CENTRAL DE ABASTOS,ENTRE LA NAVE 3 Y 5 DE LAS BODEGAS DE FRUTA DE LA CENTRAL DE ABASTOS,17.0578553,-96.7363478
0582,BASICA,1,"JOSÉ PERFECTO GARCÍA, NÚMERO 704, CENTRO, CÓDIGO POSTAL 68000, OAXACA DE JUÁREZ OAXACA",SECRETARIA DE SALUD DE OAXACA COORDINACIÓN DE TRANSPORTE,ENTRE LAS CALLES IGNACIO ZARAGOZA Y ARISTA,17.0580359,-96.7108503
0583,BASICA,1,"RAYÓN, NÚMERO 6, CENTRO, CÓDIGO POSTAL 68000, OAXACA DE JUÁREZ, OAXACA",ESCUELA PRIMARIA ENRIQUE PESTALOZZI,ENTRE LAS CALLES DE ARMENTA Y LÓPEZ Y BUSTAMANTE,17.0577918,-96.72489829999990
0584,BASICA,1,"GONZÁLEZ ORTEGA, NÚMERO 112, CENTRO, CÓDIGO POSTAL 68000, OAXACA DE JUÁREZ, OAXACA",DOMICILIO PARTICULAR,ENTRE LAS AVENIDAS MIGUEL HIDALGO E INDEPENDENCIA,17.0598971,-96.71845689999990
0585,BASICA,1,"AVENIDA JOSÉ MARÍA MORELOS, NÚMERO 1509, CENTRO, CÓDIGO POSTAL 68000, OAXACA DE JUÁREZ, OAXACA",ESCUELA DE INGLÉS GRIMSBY,A 100 METROS DEL MERCADO DE LA MERCED,17.0612148,-96.7151983
0586,BASICA,1,"PRIMERA DE MAYO, SIN NÚMERO, MORELOS, CÓDIGO POSTAL 68103, OAXACA DE JUÁREZ, OAXACA",CANCHA DE USOS MÚLTIPLES DE LA COLONIA MORELOS,ENTRE ANDADOR PLAZUELA MORELOS Y CALLE PRIMERO DE MAYO,17.060204,-96.7117088
0587,BASICA,1,"JOSÉ GOROSTIZA, NÚMERO 102, JOSÉ VASCONCELOS, CÓDIGO POSTAL 68115, OAXACA DE JUÁREZ, OAXACA",DOMICILIO PARTICULAR,ENTRE CALLE EMILIO ABREU Y AVENIDA FERROCARRIL,17.05816,-96.7112318
0588,BASICA,1,"EMILIANO ZAPATA ESQUINA COLÓN, SIN NÚMERO, FRACCIONAMIENTO TRINIDAD DE LAS HUERTAS, CÓDIGO POSTAL 68000, OAXACA DE JUÁREZ, OAXACA",CENTRO DE ASISTENCIA INFANTIL COMUNITARIO (CAIC) NÚMERO 11,ENTRE LAS CALLES VICENTE GUERRERO Y CRISTÓBAL COLÓN,17.0515921,-96.7152845
0589,BASICA,1,"CARLOS MARÍA BUSTAMANTE, NÚMERO 807, CENTRO, CÓDIGO POSTAL 68000, OAXACA DE JUÁREZ, OAXACA",ESTACIONAMIENTO LOS ANDENES,ENTRE LA CALLE MOCTEZUMA Y BOULEVARD EDUARDO MATA,17.0530345,-96.7262945
0590,BASICA,1,"EMILIANO ZAPATA, NÚMERO 3, ARBOLEDA, CÓDIGO POSTAL 68090, OAXACA DE JUÁREZ, OAXACA",SALÓN DE USOS MÚLTIPLES,ENTRE LAS CALLES OAXACA Y RUBÉN JARAMILLO,17.0546446,-96.7311601
0591,BASICA,1,"PUERTO ANGELITO, SIN NÚMERO, ESQUINA RÍO COPALITA, FRACCIONAMIENTO LAS PALMAS, CÓDIGO POSTAL 68157, OAXACA DE JUÁREZ, OAXACA",ÁREA DE USO COMÚN DEL FRACCIONAMIENTO LAS PALMAS,A 100 METROS DE LA TORRE DE AGUA DEL SISTEMA OPERADOR DE LOS SERVICIOS DE AGUA POTABLE Y ALCANTARILLADO (SOAPA),17.0541569,-96.7368503
0592,BASICA,1,"AVENIDA CHAPULTEPEC, SIN NÚMERO, SAN JUAN CHAPULTEPEC, CÓDIGO POSTAL 68153, OAXACA DE JUÁREZ, OAXACA",CANCHA DE BÁSQUETBOL DE LA AGENCIA DE SAN JUAN CHAPULTEPEC,ENTRE PLAZUELA DE CHAPULTEPEC Y PRIVADA DE LA PAZ,17.0526671,-96.7386831
0594,BASICA,1,"DESANDEHUI ESQUINA HUIJATOO, SIN NÚMERO, MONTE ALBÁN, CÓDIGO POSTAL 68140, SAN MARTIN MEXICAPAM, OAXACA DE JUÁREZ, OAXACA",CANCHAS DE BÁSQUETBOL DE LA COLONIA MONTE ALBÁN,A UN COSTADO DE LA CAPILLA DE SAN MATEO APÓSTOL,17.0544348,-96.7484072
0595,BASICA,1,"EL CALVARIO, SIN NÚMERO, BARRIO LA CUEVITA, SAN JUAN CHAPULTEPEC, CÓDIGO POSTAL 68153, OAXACA DE JUÁREZ, OAXACA",AL EXTERIOR DEL ANTIGUO CENTRO DE SALUD,ENTRE LA CALLE NIÑO ARTILLERO Y PRIVADA DEL CALVARIO,17.0504341,-96.7417202
0596,BASICA,1,"CARRETERA A MONTE ALBÁN, SIN NÚMERO, BARRIO EL PROGRESO, SAN JUAN CHAPULTEPEC, CÓDIGO POSTAL 68150, OAXACA DE JUÁREZ, OAXACA",EL POCITO AZUL,ENTRE LAS CALLES DE LEONA VICARIO Y DONAJÍ,17.0545189,-96.7444463
0597,BASICA,1,"AVENIDA LA PAZ, SIN NÚMERO, SAN JUAN CHAPULTEPEC, CÓDIGO POSTAL 68157, OAXACA DE JUÁREZ, OAXACA",MUSEO DE LA MILPA,AL INTERIOR DEL PARQUE PRIMAVERA OAXAQUEÑA,17.052431,-96.736393
0598,BASICA,1,"ARTEAGA, NÚMERO 414, CENTRO, CÓDIGO POSTAL 68000, OAXACA DE JUÁREZ, OAXACA",AUDITORIO DE LA DEFENSORÍA DE LOS DERECHOS HUMANOS DEL PUEBLO DE OAXACA,ENTRE CALLE MELCHOR OCAMPO Y XICOTÉNCATL,17.0565148,-96.72216019999990
0599,BASICA,1,"CUARTA PRIVADA DE LA NORIA, NÚMERO 207, BARRIO DE LA NORIA, CÓDIGO POSTAL 68083, OAXACA DE JUÁREZ, OAXACA",AL EXTERIOR DE DOMICILIO PARTICULAR,ENTRE LAS CALLES CARBONERA Y XICONTÉNCATL,17.05397,-96.7208223
0600,BASICA,1,"RAYÓN, SIN NÚMERO, CENTRO, CÓDIGO POSTAL 68000, OAXACA DE JUÁREZ, OAXACA",PARQUE LOS 7 PRINCIPES,EN FRENTE DE LA DIRECCIÓN DE REGISTRO CIVIL DEL ESTADO DE OAXACA,17.0572038,-96.7204966
0601,BASICA,1,"ARTÍCULO 123, SIN NÚMERO, 5 SEÑORES, CÓDIGO POSTAL 68120, OAXACA DE JUÁREZ, OAXACA",AGENCIA MUNICIPAL DE 5 SEÑORES,ENTRE LAS CALLES PLAN DE AYALA Y 21 DE MARZO,17.0525486,-96.7088105
0602,BASICA,1,"PROLONGACIÓN DE LA NORIA, SIN NÚMERO, 5 SEÑORES, CÓDIGO POSTAL 68120, OAXACA DE JUÁREZ, OAXACA",UNIDAD DEPORTIVA LOS CONOS DE 5 SEÑORES,ENTRE LAS CALLES 5 DE FEBRERO Y VENUSTIANO CARRANZA,17.0536761,-96.709725
0603,BASICA,1,"HUERTO LOS LIMONARES, NÚMERO 305, FRACCIONAMIENTO TRINIDAD DE LAS HUERTAS, CÓDIGO POSTAL 68120, OAXACA DE JUÁREZ, OAXACA",ESTACIONAMIENTO DEL HOSPITAL VETERINARIO DE ESPECIALIDADES DE RAZAS PEQUEÑAS DE OAXACA,ENTRE HUERTOS LOS PLATANARES Y AVENIDA UNIVERSIDAD,17.0523974,-96.7156109
0604,BASICA,1,"VEGA, NÚMERO 316 A, BARRIO LA NORIA, CÓDIGO POSTAL 68000, OAXACA DE JUÁREZ, OAXACA",ESCUELA DE ALTO RENDIMIENTO,ENTRE LAS CALLES MANUEL FERNÁNDEZ FIALLO Y MELCHOR OCAMPO,17.0530156,-96.7241198
0605,BASICA,1,"NIÑO ARTILLERO ESQUINA AGUSTÍN MELGAR, SIN NÚMERO, SANTA ANITA, SAN JUAN CHAPULTEPEC, CÓDIGO POSTAL 68155, OAXACA DE JUÁREZ, OAXACA",AL EXTERIOR DEL DOMICILIO PARTICULAR,A UN COSTADO DE LA TORTILLERÍA JUQUILITA,17.0495323,-96.7356135
0606,BASICA,1,"LÁZARO CÁRDENAS, SIN NÚMERO, ESQUINA CON FRANCISCO I. MADERO, MIGUEL ALEMÁN, CÓDIGO POSTAL 68120, OAXACA DE JUÁREZ, OAXACA",AL EXTERIOR DE LA ESCUELA PRIMARIA MANUEL CABRERA CARRASQUEDO,A UN COSTADO DEL MERCADO VENUSTIANO CARRANZA,17.0483988,-96.7266285
0607,BASICA,1,"PUERTO MAZATLÁN, NÚMERO 125, ELISEO JIMÉNEZ RUIZ, CÓDIGO POSTAL 68120, OAXACA DE JUÁREZ, OAXACA",DOMICILIO PARTICULAR,ENTRE AVENIDA SÍMBOLOS PATRIOS Y CALLE PUERTO ACAPULCO,17.0465181,-96.72216189999990
0608,BASICA,1,"YAGUL, SIN NÚMERO, FRACCIONAMIENTO SAN JOSÉ LA NORIA, CÓDIGO POSTAL 68120, OAXACA DE JUÁREZ, OAXACA",ESCUELA PRIMARIA 27 DE SEPTIEMBRE,ENTRE LAS CALLES DE LA COSTA Y SEGUNDA PRIVADA DE YAGUL,17.0805719,-96.7102894
0609,BASICA,1,"PITÁGORAS, SIN NÚMERO, SATÉLITE, CÓDIGO POSTAL 68125, OAXACA DE JUÁREZ, OAXACA",PREPARATORIA GENERAL LÁZARO CÁRDENAS,ENTRE LAS CALLES HIPERIÓN Y LINDEROS,17.0448475,-96.7082631
0609,CONTIGUA,1,"PITÁGORAS, SIN NÚMERO, SATÉLITE, CÓDIGO POSTAL 68125, OAXACA DE JUÁREZ, OAXACA",PREPARATORIA GENERAL LÁZARO CÁRDENAS,ENTRE LAS CALLES HIPERIÓN Y LINDEROS,17.0448475,-96.7082631
0610,BASICA,1,"JORGE L. TAMAYO CASTELLANOS, SIN NÚMERO, EX HACIENDA 5 SEÑORES, CÓDIGO POSTAL 68120, OAXACA DE JUÁREZ, OAXACA",EXPLANADA PRINCIPAL DE LA FACULTAD DE CULTURA Y DEPORTES DE LA UABJO,ATRÁS DEL GIMNASIO UNIVERSITARIO,17.0485215,-96.7168692
0611,BASICA,1,"ANTONIO DE LEÓN, NÚMERO 501, CANDIANI, CÓDIGO POSTAL 68130, OAXACA DE JUÁREZ, OAXACA",DOMICILIO PARTICULAR,ENTRE LA PRIMERA Y SEGUNDA PRIVADA DE ANTONIO DE LEÓN,17.0478846,-96.7189049
0612,BASICA,1,"BENITO JUÁREZ, NÚMERO 101, MIGUEL ALEMÁN, CÓDIGO POSTAL 68120, OAXACA DE JUÁREZ, OAXACA",AL EXTERIOR DEL DOMICILIO PARTICULAR,ENTRE LA CALLE BENITO JUÁREZ ESQUINA CON AVENIDA FRANCISCO I. MADERO,17.0475317,-96.7267063
0613,BASICA,1,"JORGE L. TAMAYO CASTELLANOS, SIN NÚMERO, AGENCIA DE POLICÍA DE CANDIANI, CÓDIGO POSTAL 68130, OAXACA DE JUÁREZ, OAXACA",CANCHAS DE LA AGENCIA DE CANDIANI,A UN COSTADO DEL MERCADO ZONAL CANDIANI,17.0442074,-96.7154356
0614,BASICA,1,"VICENTE GUERRERO, SIN NÚMERO, CANDIANI, CÓDIGO POSTAL 68130, OAXACA DE JUÁREZ, OAXACA",PÓRTICO DE LA ESCUELA PRIMARIA LEONA VICARIO,ENTRE LAS CALLES DE LA LUZ Y PUERTO CORTÉS,17.0449753,-96.7169246
0615,BASICA,1,"LAS PALMAS, NÚMERO 506, CANDIANI, CÓDIGO POSTAL 68130, OAXACA DE JUÁREZ, OAXACA",DOMICILIO PARTICULAR,ENTRE PRIMERA PRIVADA DE LAS PALMAS Y LIVERPOOL,17.0428832,-96.7168313
2454,BASICA,1,"BELISARIO DOMÍNGUEZ, NÚMERO 1106, REFORMA, CÓDIGO POSTAL 68050, OAXACA DE JUÁREZ, OAXACA",DOMICILIO PARTICULAR,ENTRE LA CALLE GARDENIAS Y JUSTO SIERRA,17.0758352,-96.7069305
2470,BASICA,1,"OBSIDIANA, SIN NÚMERO, LA JOYA, PUEBLO NUEVO, CÓDIGO POSTAL 68274, OAXACA DE JUÁREZ, OAXACA",ESCUELA PRIMARIA URBANA MIGUEL HIDALGO Y COSTILLA,ENTRE LAS CALLES CORAL Y 10 DE ABRIL,17.1306922,-96.76612879999990
2471,BASICA,1,"RUBÍ, NÚMERO 116, LA JOYA PUEBLO NUEVO, CÓDIGO POSTAL 68276, OAXACA DE JUÁREZ, OAXACA",OFICINA DEL COMITÉ DE VIDA VECINAL DE LA COLONIA LA JOYA,ENTRE GEMA Y GENARO VÁSQUEZ,17.1303498,-96.7674464
2472,BASICA,1,"SAN FERNANDO, SIN NÚMERO, SAN ISIDRO PUEBLO NUEVO, CÓDIGO POSTAL 68276, OAXACA DE JUÁREZ, OAXACA",UNIDAD DEPORTIVA DE SAN ISIDRO,ENTRE LAS CALLES SAN ISIDRO Y SAN MARTÍN,17.1256175,-96.764121
2473,BASICA,1,"SAN MARCOS, NÚMERO 123, SAN ISIDRO PUEBLO NUEVO, CÓDIGO POSTAL 68274, OAXACA DE JUÁREZ, OAXACA",ESTACIONAMIENTO DEL RESTAURANTE CLEMENTE,ENTRE CARRETERA A VIGUERA Y PRIMERA PRIVADA DE SAN MARCOS,17.123773,-96.76360199999990
2474,BASICA,1,"LÁZARO CÁRDENAS, NÚMERO 130, PRESIDENTES DE MÉXICO, CÓDIGO POSTAL 68276, OAXACA DE JUÁREZ, OAXACA",SALÓN DE USOS MÚLTIPLES DE LA COLONIA PRESIDENTES DE MÉXICO,ENTRE LAS CALLES ADOLFO LÓPEZ MATEOS Y GUADALUPE VICTORIA,17.1224061,-96.76185699999990
2475,BASICA,1,"LIBRAMIENTO A RIVERAS DEL ATOYAC, NÚMERO 5119, EUCALIPTOS, PUEBLO NUEVO, CÓDIGO POSTAL 68274, OAXACA DE JUÁREZ, OAXACA",VULCANIZADORA LÓPEZ,ENTRE LIBRAMIENTO A RIVERAS DEL ATOYAC Y AVENIDA FERROCARRIL,17.1175643,-96.7693847
2476,BASICA,1,"PRIVADA DE BUGAMBILIAS, SIN NÚMERO, EUCALIPTOS, PUEBLO NUEVO, CÓDIGO POSTAL 68276, OAXACA DE JUÁREZ, OAXACA",CORREDOR DE LAS OFICINAS DEL COMITÉ DE VIDA VECINAL (COMVIVE),ENTRE PRIVADA DE PINOS Y CALLE EUCALIPTOS,17.1184041,-96.764963
2477,BASICA,1,"BENITO JUÁREZ, SIN NÚMERO, SOLIDARIDAD, CÓDIGO POSTAL 68016, OAXACA DE JUÁREZ, OAXACA",CANCHA SOLIDARIDAD,ENTRE LAS CALLES NIÑOS HÉROES Y LÁZARO CÁRDENAS,17.1049712,-96.7388649
2478,BASICA,1,"DIAMANTE, SIN NÚMERO, BUGAMBILIAS, AGENCIA DE SANTA ROSA PANZACOLA, CÓDIGO POSTAL 68013, OAXACA DE JUÁREZ, OAXACA",SALÓN DE USOS MÚLTIPLES DEL COMITÉ DE VIDA VECINAL,ENTRE PROLONGACIÓN DE TURQUESA Y ANDADOR OLIVINA,17.0977742,-96.74675
2478,CONTIGUA,1,"DIAMANTE, SIN NÚMERO, BUGAMBILIAS, AGENCIA DE SANTA ROSA PANZACOLA, CÓDIGO POSTAL 68013, OAXACA DE JUÁREZ, OAXACA",SALÓN DE USOS MÚLTIPLES DEL COMITÉ DE VIDA VECINAL,ENTRE PROLONGACIÓN DE TURQUESA Y ANDADOR OLIVINA,17.0977742,-96.74675
2479,BASICA,1,"PANORÁMICA, SIN NÚMERO, HELADIO RAMÍREZ LÓPEZ, CÓDIGO POSTAL 68010, OAXACA DE JUÁREZ, OAXACA",CANCHAS DEPORTIVAS DE LA COLONIA HELADIO RAMÍREZ LÓPEZ,ENTRE LAS CALLES GALILEA Y MONTE OREB,17.1003117,-96.7410361
2480,BASICA,1,"PERLA, NÚMERO 121, LA JOYA, SAN MARTÍN MEXICAPAM, CÓDIGO POSTAL 68144, OAXACA DE JUÁREZ, OAXACA",AL EXTERIOR DEL DOMICILIO PARTICULAR,ENTRE AVENIDA DEL PANTEÓN Y PRIVADA DE TOPACIO,17.0686703,-96.7554949
2480,CONTIGUA,1,"PERLA, NÚMERO 121, LA JOYA, SAN MARTÍN MEXICAPAM, CÓDIGO POSTAL 68144, OAXACA DE JUÁREZ, OAXACA",AL EXTERIOR DEL DOMICILIO PARTICULAR,ENTRE AVENIDA DEL PANTEÓN Y PRIVADA DE TOPACIO,17.0686703,-96.7554949
2481,BASICA,1,"GUIIGU ESQUINA QUIJXI, SIN NÚMERO, FRACCIONAMIENTO INFONAVIT LOS ÁLAMOS, CÓDIGO POSTAL 68143, OAXACA DE JUÁREZ, OAXACA",CANCHA MULTIDISCIPLINARIA LOS ÁLAMOS,A UN COSTADO DE LA ESCUELA PRIMARIA ANTEQUERA,17.0663863,-96.7621468
2481,CONTIGUA,1,"GUIIGU ESQUINA QUIJXI, SIN NÚMERO, FRACCIONAMIENTO INFONAVIT LOS ÁLAMOS, CÓDIGO POSTAL 68143, OAXACA DE JUÁREZ, OAXACA",CANCHA MULTIDISCIPLINARIA LOS ÁLAMOS,A UN COSTADO DE LA ESCUELA PRIMARIA ANTEQUERA,17.0663863,-96.7621468
2541,BASICA,1,"LAGO DE PÁTZCUARO, NÚMERO 207, EL MANANTIAL, PUEBLO NUEVO, CÓDIGO POSTAL 68274, OAXACA DE JUÁREZ, OAXACA",OFICINA DEL COMITÉ DE VIDA VECINAL (COMVIVE) DE LA COLONIA EL MANANTIAL,ENTRE LAGO DE CATEMACO Y ARROYO SECO,17.1237041,-96.75542139999990
2541,CONTIGUA,1,"LAGO DE PÁTZCUARO, NÚMERO 207, EL MANANTIAL, PUEBLO NUEVO, CÓDIGO POSTAL 68274, OAXACA DE JUÁREZ, OAXACA",OFICINA DEL COMITÉ DE VIDA VECINAL (COMVIVE) DE LA COLONIA EL MANANTIAL,ENTRE LAGO DE CATEMACO Y ARROYO SECO,17.1237041,-96.75542139999990
2542,BASICA,1,"CLEMENTE SANTOS, SIN NÚMERO, 9 DE MAYO, PUEBLO NUEVO, CÓDIGO POSTAL 68274, OAXACA DE JUÁREZ, OAXACA",EXPLANADA DE LA AGENCIA MUNICIPAL DE PUEBLO NUEVO,ENTRE LAS CALLES 19 DE AGOSTO Y SAN MARCOS,17.1192906,-96.755846
2542,CONTIGUA,1,"CLEMENTE SANTOS, SIN NÚMERO, 9 DE MAYO, PUEBLO NUEVO, CÓDIGO POSTAL 68274, OAXACA DE JUÁREZ, OAXACA",EXPLANADA DE LA AGENCIA MUNICIPAL DE PUEBLO NUEVO,ENTRE LAS CALLES 19 DE AGOSTO Y SAN MARCOS,17.1192906,-96.755846
2543,BASICA,1,"SEGUNDA PRIVADA DE PINO SUÁREZ, SIN NÚMERO, ESQUINA ARROYO SECO, PRIVADAS DE PINO SUÁREZ, CÓDIGO POSTAL 68274, OAXACA DE JUÁREZ, OAXACA",GALERA DEL COMITÉ DE VIDA VECINAL (COMVIVE),ENTRE ARROYO SECO Y PINO SUÁREZ,17.1140645,-96.7650373
2573,BASICA,1,"BUGAMBILIAS, SIN NÚMERO, JARDÍN, CÓDIGO POSTAL 68023, OAXACA DE JUÁREZ, OAXACA",CANCHAS DEPORTIVAS DE LA COLONIA JARDÍN,ENTRE LAS CALLES NOCHE BUENA Y PINOS,17.0953296,-96.7001599
2574,BASICA,1,"ÁLVARO OBREGÓN, SIN NÚMERO, DONAJÍ, CÓDIGO POSTAL 68023, OAXACA DE JUÁREZ, OAXACA",EXPLANADA DE LA AGENCIA MUNICIPAL DE DONAJÍ,ENTRE LAS CALLES PERIFÉRICO Y MIGUEL HIDALGO,17.1015744,-96.7013611
2575,BASICA,1,"CAMINO A SAN LUIS BELTRÁN, NÚMERO 503,SAN LUIS BELTRAN , CÓDIGO POSTAL 68023, OAXACA DE JUÁREZ, OAXACA",VIVIENDA PARTICULAR ,,17.0974029,-96.6924336
2576,BASICA,1,"CAMINO A SAN LUIS BELTRÁN, NÚMERO 1209, COLONIA JARDÍN, CÓDIGO POSTAL 68023, OAXACA DE JUÁREZ, OAXACA",PLAZA JARDÍN,A UN COSTADO DEL MINI ABASTOS SUCURSAL SAN LUIS BELTRÁN,17.094025,-96.698307
2577,BASICA,1,"TOTONTEPEC, SIN NÚMERO, SIETE REGIONES, CÓDIGO POSTAL 68023, OAXACA DE JUÁREZ, OAXACA",AL EXTERIOR DEL DOMICILIO PARTICULAR,ENTRE PROLONGACIÓN DE TUXTEPEC Y SEGUNDA PRIVADA DE TOTONTEPEC,17.0930033,-96.6960803
2578,BASICA,1,"LAS BRISAS, NÚMERO 118, AMPLIACIÓN SIETE REGIONES, CÓDIGO POSTAL 68023, OAXACA DE JUÁREZ, OAXACA",AL EXTERIOR DEL DOMICILIO PARTICULAR,ESQUINA CALLE PLAYA DEL CARMEN,17.0927299,-96.6930531
2579,BASICA,1,"TUXTEPEC, SIN NÚMERO, SIETE REGIONES, CÓDIGO POSTAL 68023, OAXACA DE JUÁREZ, OAXACA",GALERA DEL COMITÉ DE VIDA VECINAL (COMVIVE),ENTRE PRIVADA TUXTEPEC Y CALLE LOMA BONITA,17.089996,-96.6980851
2580,BASICA,1,"JÚPITER, NÚMERO 110, LOMAS DE SAN JACINTO, SECTOR UNO, CÓDIGO POSTAL 68015, OAXACA DE JUÁREZ, OAXACA",CANCHAS DEPORTIVAS,ENTRE LAS CALLES JÚPITER Y VENUS,17.0999734,-96.73805499999990
2581,BASICA,1,"SAN PEDRO, SIN NÚMERO, SANTO TOMÁS, CÓDIGO POSTAL 68043, OAXACA DE JUÁREZ, OAXACA",SALÓN DE USOS MÚLTIPLES DE LA COLONIA SANTO TOMÁS,ENTRE LA CALLE SAN FRANCISCO Y ANDADOR SAN ÁNGEL,17.0925335,-96.7347659
2582,BASICA,1,"POPOCATÉPETL, SIN NÚMERO, SABINO CRESPO, CÓDIGO POSTAL 68040, OAXACA DE JUÁREZ, OAXACA",CANCHA DE BÁSQUETBOL DE LA UNIDAD DEPORTIVA SABINO CRESPO,ENTRE LA CALLE PARICUTÍN Y PRIVADA DE POPOCATÉPETL,17.0856934,-96.7329055
2583,BASICA,1,"PRIMERO DE MAYO, NÚMERO 102, SAN JUAN CHAPULTEPEC, CÓDIGO POSTAL 68157, OAXACA DE JUÁREZ, OAXACA",ESCUELA TELESECUNDARIA HÉROES NACIONALES,ENTRE CARRETERA A MONTE ALBÁN Y CALLE 7 DE NOVIEMBRE,17.0544533,-96.7448227
2584,BASICA,1,"NIÑO ARTILLERO, NÚMERO 300, BARRIO DEL COQUITO, SAN JUAN CHAPULTEPEC, CÓDIGO POSTAL 68150, OAXACA DE JUÁREZ, OAXACA",CASA DEL BARRIO,ENTRE CALLE 13 DE SEPTIEMBRE Y EL COQUITO,17.052198,-96.7439019
2585,BASICA,1,"INDEPENDENCIA, SIN NÚMERO, ESQUINA PORFIRIO DÍAZ, TRINIDAD DE VIGUERA, CÓDIGO POSTAL 68018, OAXACA DE JUÁREZ, OAXACA",CANCHA EJIDAL DE TRINIDAD DE VIGUERA,ENTRE LAS CALLES LIBERTAD Y PORFIRIO DÍAZ,17.1299876,-96.7508896
2585,CONTIGUA,1,"INDEPENDENCIA, SIN NÚMERO, ESQUINA PORFIRIO DÍAZ, TRINIDAD DE VIGUERA, CÓDIGO POSTAL 68018, OAXACA DE JUÁREZ, OAXACA",CANCHA EJIDAL DE TRINIDAD DE VIGUERA,ENTRE LAS CALLES LIBERTAD Y PORFIRIO DÍAZ,17.1299876,-96.7508896
2586,BASICA,1,"LOS PINOS, SIN NÚMERO, LA MAGUEYERA, TRINIDAD DE VIGUERA, CÓDIGO POSTAL 68276, OAXACA DE JUÁREZ, OAXACA",GALERA DE LA COLONIA MAGUEYERA,ENTRE AVENIDA MAGUEYERA Y CAMINO AL SEMINARIO,17.1333894,-96.7547174
2586,CONTIGUA,1,"LOS PINOS, SIN NÚMERO, LA MAGUEYERA, TRINIDAD DE VIGUERA, CÓDIGO POSTAL 68276, OAXACA DE JUÁREZ, OAXACA",GALERA DE LA COLONIA MAGUEYERA,ENTRE AVENIDA MAGUEYERA Y CAMINO AL SEMINARIO,17.1333894,-96.7547174
2587,BASICA,1,"21 DE MARZO, SIN NÚMERO, 21 DE MARZO, CÓDIGO POSTAL 68016, OAXACA DE JUÁREZ, OAXACA",ESCUELA SECUNDARIA TÉCNICA NÚMERO 271,A 100 METROS DE LA CANCHA,17.082746,-96.7418432
