colonia_id,colonia,cp,seccion,demarcacion,traslape_pct
1,17 DE MARZO,68018,0616,Trinidad de Viguera,100.0
2,21 DE MARZO,68018,0616,Trinidad de Viguera,100.0
3,9 DE MAYO,68018,0471,Pueblo Nuevo,100.0
4,ADOLFO LOPEZ MATEOS,68030,0523,Cabecera Municipal,100.0
5,ALAMOS,68036,2481,Montoya,100.0
6,ALEMAN 2A SECCION,68010,0501,Santa Rosa Panzacola,89.5
6,ALEMAN 2A SECCION,68010,0523,Cabecera Municipal,10.5
7,AMERICA NORTE,68050,0552,Cabecera Municipal,100.0
8,AMERICA SUR,68050,0553,Cabecera Municipal,100.0
9,AMPLIACION  PUEBLO NUEVO PARTE ALTA,68018,0616,Trinidad de Viguera,100.0
10,AMPLIACION 7 REGIONES,68023,0493,Cabecera Municipal,100.0
11,AMPLIACION DOLORES,68020,0495,Dolores,71.2
11,AMPLIACION DOLORES,68020,0514,Dolores,28.8
12,AMPLIACION JARDIN,68023,0493,Cabecera Municipal,100.0
13,AMPLIACION MOCTEZUMA,68140,0578,San Martín Mexicapam de Cárdenas,62.6
13,AMPLIACION MOCTEZUMA,68140,0579,San Martín Mexicapam de Cárdenas,37.4
14,AMPLIACION SAN JUAN,68157,0593,San Juan Chapultepec,100.0
15,ARBOLEDA,68157,0590,Cabecera Municipal,95.6
15,ARBOLEDA,68157,0582,Cabecera Municipal,4.4
16,ARBOLEDA BRENAMIEL,68018,0472,Pueblo Nuevo,100.0
17,ARBOLEDAS,68010,0540,Cabecera Municipal,100.0
18,ARBOLEDAS DEL VALLE,68140,0580,San Martín Mexicapam de Cárdenas,100.0
19,ARROYO,68090,0576,San Martín Mexicapam de Cárdenas,100.0
20,ARTICULO 123,68090,0582,Cabecera Municipal,100.0
21,ARTICULO 123,68115,0588,Cabecera Municipal,100.0
22,AURORA,68045,0521,Cabecera Municipal,100.0
23,AZUCENAS,68070,0557,Cabecera Municipal,86.0
23,AZUCENAS,68070,0546,Cabecera Municipal,14.0
24,AZUCENAS,68036,0560,San Martín Mexicapam de Cárdenas,65.7
24,AZUCENAS,68036,2480,Montoya,32.7
25,BENITO JUAREZ,68030,0522,Cabecera Municipal,83.2
25,BENITO JUAREZ,68030,0526,Cabecera Municipal,16.8
26,BENITO JUAREZ,68110,0586,Cabecera Municipal,100.0
27,BOSQUES DE SAN LUIS,68059,0477,Donají,100.0
28,BUENA VISTA,68010,0474,Santa Rosa Panzacola,100.0
29,BUENA VISTA,68018,0616,Trinidad de Viguera,100.0
30,BUGAMBILIAS,68010,2478,Santa Rosa Panzacola,65.4
30,BUGAMBILIAS,68010,0486,Santa Rosa Panzacola,34.6
31,BUGAMBILIAS,68010,0483,Santa Rosa Panzacola,77.5
31,BUGAMBILIAS,68010,0485,Santa Rosa Panzacola,22.5
32,CALIFORNIA,68157,0592,San Juan Chapultepec,100.0
33,CAMINO NACIONAL,68080,0570,Cabecera Municipal,100.0
34,CANDIANI,68130,0615,Candiani,34.2
34,CANDIANI,68130,0610,Cinco Señores,23.5
34,CANDIANI,68130,0613,Candiani,15.8
34,CANDIANI,68130,0614,Candiani,14.2
34,CANDIANI,68130,0611,Candiani,12.4
35,CASA BLANCA,68140,0564,San Martín Mexicapam de Cárdenas,100.0
36,CASA DEL SOL,68020,0478,San Luis Beltrán,100.0
37,CENTENARIO,68050,0500,Cabecera Municipal,100.0
38,CENTRAL DE ABASTO,68090,0581,Cabecera Municipal,100.0
39,CENTRO,68000,0573,Cabecera Municipal,11.2
39,CENTRO,68000,0572,Cabecera Municipal,11.1
39,CENTRO,68000,0555,Cabecera Municipal,10.7
39,CENTRO,68000,0583,Cabecera Municipal,9.7
39,CENTRO,68000,0589,Cabecera Municipal,7.6
39,CENTRO,68000,0556,Cabecera Municipal,5.6
39,CENTRO,68000,0548,Cabecera Municipal,5.4
39,CENTRO,68000,0568,Cabecera Municipal,5.2
39,CENTRO,68000,0571,Cabecera Municipal,5.1
39,CENTRO,68000,0584,Cabecera Municipal,4.9
39,CENTRO,68000,0574,Cabecera Municipal,4.0
39,CENTRO,68000,0590,Cabecera Municipal,3.9
39,CENTRO,68000,0549,Cabecera Municipal,3.3
39,CENTRO,68000,0582,Cabecera Municipal,3.3
39,CENTRO,68000,0585,Cabecera Municipal,3.2
40,CINCO SEÑORES,68120,0609,Cinco Señores,55.4
40,CINCO SEÑORES,68120,0601,Cinco Señores,22.9
40,CINCO SEÑORES,68120,0602,Cinco Señores,21.7
41,COLINAS DE LA SOLEDAD,68050,0489,Cabecera Municipal,100.0
42,COLINAS DE MONTEALBAN,68140,0580,San Martín Mexicapam de Cárdenas,54.8
42,COLINAS DE MONTEALBAN,68140,0577,San Martín Mexicapam de Cárdenas,22.8
42,COLINAS DE MONTEALBAN,68140,0579,San Martín Mexicapam de Cárdenas,11.4
42,COLINAS DE MONTEALBAN,68140,0594,San Juan Chapultepec,11.0
43,CONGREGACION MONTOYA,68036,0524,Montoya,95.5
43,CONGREGACION MONTOYA,68036,0542,Montoya,4.5
44,CONSTITUYENTES,68018,0471,Pueblo Nuevo,100.0
45,CONSUELO RUIZ,68020,0480,San Felipe del Agua,100.0
46,CUAUHTEMOC,68010,0506,Santa Rosa Panzacola,52.0
46,CUAUHTEMOC,68010,0503,Santa Rosa Panzacola,48.0
47,DAMNIFICADOS,68020,0510,Cabecera Municipal,100.0
48,DEL MAESTRO,68010,0473,Santa Rosa Panzacola,51.9
48,DEL MAESTRO,68010,0483,Santa Rosa Panzacola,22.7
48,DEL MAESTRO,68010,0474,Santa Rosa Panzacola,16.9
48,DEL MAESTRO,68010,0475,Santa Rosa Panzacola,8.5
49,DEL PERIODISTA,68060,0544,Cabecera Municipal,85.7
49,DEL PERIODISTA,68060,0558,Cabecera Municipal,14.3
50,DEL PEÑASCO,68070,0568,Cabecera Municipal,100.0
51,DEL PROGRESO,68157,0605,San Juan Chapultepec,42.1
51,DEL PROGRESO,68157,0597,San Juan Chapultepec,38.4
51,DEL PROGRESO,68157,0596,San Juan Chapultepec,19.4
52,DEL ROSARIO,68157,0596,San Juan Chapultepec,63.9
52,DEL ROSARIO,68157,0595,San Juan Chapultepec,36.1
53,DIAZ ORDAZ,68040,0535,Cabecera Municipal,100.0
54,DOLORES,68020,0514,Dolores,39.7
54,DOLORES,68020,0495,Dolores,37.2
54,DOLORES,68020,0496,Cabecera Municipal,23.1
55,DONAJI,68020,0477,Donají,100.0
56,EDUCACION,68010,0484,Santa Rosa Panzacola,100.0
57,EJIDAL,68010,0541,San Martín Mexicapam de Cárdenas,89.2
57,EJIDAL,68010,0524,Montoya,10.8
58,EJIDAL,68010,0484,Santa Rosa Panzacola,100.0
59,EL ARENAL,68120,0609,Cinco Señores,100.0
60,EL ARENAL,68010,0540,Cabecera Municipal,100.0
61,EL BAJO,68018,0616,Trinidad de Viguera,100.0
62,EL CHOPO,68040,0534,Cabecera Municipal,100.0
63,EL COQUITO,68157,0593,San Juan Chapultepec,98.1
64,EL CORTIJO,68044,0489,Cabecera Municipal,100.0
65,EL ENCINAL,68040,0507,Cabecera Municipal,100.0
66,EL GUAYABAL,68026,0480,San Felipe del Agua,100.0
67,EL MEZQUITE,68010,0559,San Martín Mexicapam de Cárdenas,100.0
68,EL MIRADOR,68070,0567,San Martín Mexicapam de Cárdenas,62.5
68,EL MIRADOR,68070,0568,Cabecera Municipal,21.7
68,EL MIRADOR,68070,0557,Cabecera Municipal,15.7
69,EL PANDO,68018,0616,Trinidad de Viguera,100.0
70,EL PAPAYO,68040,0529,Cabecera Municipal,100.0
71,EL PARAISO,68010,0483,Santa Rosa Panzacola,100.0
72,EL RETIRO,68044,0489,Cabecera Municipal,100.0
73,EL RODEO GUADALUPE,68026,0481,Guadalupe Victoria,100.0
74,EL ROSARIO,68157,0597,San Juan Chapultepec,86.2
74,EL ROSARIO,68157,0590,Cabecera Municipal,13.8
75,ELISEO JIMENEZ RUIZ,68120,0607,Cabecera Municipal,42.7
75,ELISEO JIMENEZ RUIZ,68120,0606,Cabecera Municipal,22.8
75,ELISEO JIMENEZ RUIZ,68120,0614,Candiani,13.3
75,ELISEO JIMENEZ RUIZ,68120,0613,Candiani,11.4
75,ELISEO JIMENEZ RUIZ,68120,0611,Candiani,9.8
76,ELSA,68010,0505,Guadalupe Victoria,80.3
76,ELSA,68010,0504,Santa Rosa Panzacola,19.7
77,EMILIANO ZAPATA,68010,0540,Cabecera Municipal,70.4
77,EMILIANO ZAPATA,68010,0559,San Martín Mexicapam de Cárdenas,29.6
78,ESTADO DE OAXACA,68010,0524,Montoya,64.7
78,ESTADO DE OAXACA,68010,0540,Cabecera Municipal,29.6
78,ESTADO DE OAXACA,68010,0541,San Martín Mexicapam de Cárdenas,5.8
79,ESTRELLA,68040,0527,Cabecera Municipal,79.7
79,ESTRELLA,68040,0536,Cabecera Municipal,19.4
80,EUCALIPTOS,68050,2475,Pueblo Nuevo,53.6
80,EUCALIPTOS,68050,2476,Pueblo Nuevo,46.4
81,EX HACIENDA DE AGUILERA,68020,0489,Cabecera Municipal,100.0
82,EX MARQUEZADO,68010,0545,Cabecera Municipal,37.2
82,EX MARQUEZADO,68010,0566,Cabecera Municipal,16.5
82,EX MARQUEZADO,68010,0539,Cabecera Municipal,14.4
82,EX MARQUEZADO,68010,0536,Cabecera Municipal,12.8
82,EX MARQUEZADO,68010,0567,San Martín Mexicapam de Cárdenas,5.5
82,EX MARQUEZADO,68010,0574,Cabecera Municipal,4.9
82,EX MARQUEZADO,68010,0537,Cabecera Municipal,4.5
82,EX MARQUEZADO,68010,0538,Cabecera Municipal,4.3
83,EX-HACIENDA CANDIANI,68130,0615,Candiani,100.0
84,EXHACIENDA SANTA ROSA,68039,0486,Santa Rosa Panzacola,51.9
84,EXHACIENDA SANTA ROSA,68039,0503,Santa Rosa Panzacola,30.6
84,EXHACIENDA SANTA ROSA,68039,0502,Santa Rosa Panzacola,17.5
85,FALDAS DEL FORTIN,68068,0557,Cabecera Municipal,73.7
85,FALDAS DEL FORTIN,68068,0536,Cabecera Municipal,23.3
85,FALDAS DEL FORTIN,68068,0567,San Martín Mexicapam de Cárdenas,3.0
86,FLAVIO PEREZ GAZGA,68066,0538,Cabecera Municipal,74.8
86,FLAVIO PEREZ GAZGA,68066,0536,Cabecera Municipal,25.2
87,FLORES MAGON,68020,0489,Cabecera Municipal,100.0
88,FRACCION PONIENTE,68090,0576,San Martín Mexicapam de Cárdenas,100.0
89,FRANCISCO I MADERO,68010,0565,Cabecera Municipal,63.6
89,FRANCISCO I MADERO,68010,0558,Cabecera Municipal,36.4
90,GUADALUPE VICTORIA,68026,0481,Guadalupe Victoria,97.3
90,GUADALUPE VICTORIA,68026,0488,Cabecera Municipal,2.7
91,GUADALUPE VICTORIA 2DA SECCION OESTE,68030,0500,Cabecera Municipal,100.0
92,GUDALUPE VICTORIA,68030,0500,Cabecera Municipal,100.0
93,GUELAGUETZA,68040,0546,Cabecera Municipal,100.0
94,HACIENDA,68000,0549,Cabecera Municipal,100.0
95,HACIENDA DE ANTEQUERA,68130,0615,Candiani,100.0
96,HELADIO RAMIREZ LOPEZ,68130,2479,Santa Rosa Panzacola,69.7
96,HELADIO RAMIREZ LOPEZ,68130,2478,Santa Rosa Panzacola,29.7
97,HOTELEROS,68016,0483,Santa Rosa Panzacola,76.3
97,HOTELEROS,68016,2478,Santa Rosa Panzacola,23.7
98,ILUSION,68036,0524,Montoya,100.0
99,INDEPENDENCIA,68080,0585,Cabecera Municipal,100.0
100,INFONAVIT 1RO DE MAYO,68020,0511,Cabecera Municipal,25.1
100,INFONAVIT 1RO DE MAYO,68020,0498,Cabecera Municipal,20.6
100,INFONAVIT 1RO DE MAYO,68020,0499,Cabecera Municipal,19.4
100,INFONAVIT 1RO DE MAYO,68020,0519,Cabecera Municipal,18.3
100,INFONAVIT 1RO DE MAYO,68020,0512,Cabecera Municipal,16.3
101,ISSSTE,68040,0520,Cabecera Municipal,100.0
102,ITANDEHUI,68149,0561,San Martín Mexicapam de Cárdenas,100.0
103,JACARANDAS,68010,0559,San Martín Mexicapam de Cárdenas,63.3
103,JACARANDAS,68010,0541,San Martín Mexicapam de Cárdenas,36.7
104,JALATLACO,68080,0554,Cabecera Municipal,37.5
104,JALATLACO,68080,0569,Cabecera Municipal,35.6
104,JALATLACO,68080,0549,Cabecera Municipal,12.8
104,JALATLACO,68080,0570,Cabecera Municipal,9.6
104,JALATLACO,68080,0555,Cabecera Municipal,2.6
104,JALATLACO,68080,0585,Cabecera Municipal,2.0
105,JARDIN,68020,0493,Cabecera Municipal,85.1
105,JARDIN,68020,0492,Cabecera Municipal,14.9
106,JARDINES,68140,0575,San Martín Mexicapam de Cárdenas,59.9
106,JARDINES,68140,0540,Cabecera Municipal,40.1
107,JARDINES DE LA SIERRA,68090,0576,San Martín Mexicapam de Cárdenas,100.0
108,JARDINES DE LAS LOMAS,68036,0524,Montoya,100.0
109,JARDINES DEL VALLE,68130,0609,Cinco Señores,100.0
110,JOSE VASCONCELOS,68115,0587,Cabecera Municipal,97.3
110,JOSE VASCONCELOS,68115,0588,Cabecera Municipal,2.7
111,KROKUS,68010,0539,Cabecera Municipal,100.0
112,LA CANOA,68018,0616,Trinidad de Viguera,100.0
113,LA CASCADA,68040,0508,Cabecera Municipal,73.4
113,LA CASCADA,68040,0509,Cabecera Municipal,26.6
114,LA CASCADA,68040,0528,Cabecera Municipal,53.5
114,LA CASCADA,68040,0507,Cabecera Municipal,41.1
114,LA CASCADA,68040,0535,Cabecera Municipal,5.4
115,LA CIENEGUITA,68127,0609,Cinco Señores,100.0
116,LA COMPUERTA,68090,0582,Cabecera Municipal,100.0
117,LA CORTINA,68018,0471,Pueblo Nuevo,100.0
118,LA CUEVITA,68157,0595,San Juan Chapultepec,100.0
119,LA FUNDICION,68090,0576,San Martín Mexicapam de Cárdenas,100.0
120,LA JOYA,68018,0560,San Martín Mexicapam de Cárdenas,55.0
120,LA JOYA,68018,2480,Montoya,34.0
120,LA JOYA,68018,0542,Montoya,11.0
121,LA JOYA PUEBLO NUEVO,68018,2471,Pueblo Nuevo,86.3
121,LA JOYA PUEBLO NUEVO,68018,2470,Pueblo Nuevo,13.7
122,LA LOMA,68040,0507,Cabecera Municipal,100.0
123,LA LOMA DE AMPLIACION,68040,0507,Cabecera Municipal,100.0
124,LA LOMA DEL POSITO,68018,0616,Trinidad de Viguera,100.0
125,LA LUZ,68040,0534,Cabecera Municipal,100.0
126,LA MAGUEYERA,68018,0616,Trinidad de Viguera,100.0
127,LA MINA,68030,0500,Cabecera Municipal,100.0
128,LA NORIA,68083,0604,Cabecera Municipal,37.4
128,LA NORIA,68083,0598,Cabecera Municipal,22.0
128,LA NORIA,68083,0599,Cabecera Municipal,20.6
128,LA NORIA,68083,0589,Cabecera Municipal,20.1
129,LA PAZ,68070,0547,Cabecera Municipal,100.0
130,LA PAZ SAN FELIPE,68050,0489,Cabecera Municipal,51.1
130,LA PAZ SAN FELIPE,68050,0481,Guadalupe Victoria,48.9
131,LA PUERTA,68018,2474,Pueblo Nuevo,100.0
132,LA PURISIMA,68050,0481,Guadalupe Victoria,100.0
133,LA REPUBLICA,68010,0587,Cabecera Municipal,100.0
134,LA SOLEDAD,68130,0475,Santa Rosa Panzacola,100.0
135,LA SOLEDAD,68090,0581,Cabecera Municipal,67.6
135,LA SOLEDAD,68090,0573,Cabecera Municipal,16.2
135,LA SOLEDAD,68090,0582,Cabecera Municipal,16.2
136,LA SOLEDAD,68090,0575,San Martín Mexicapam de Cárdenas,100.0
137,LA SOLEDAD,68090,0575,San Martín Mexicapam de Cárdenas,100.0
138,LA SOLEDAD,68018,0616,Trinidad de Viguera,100.0
139,LA VISTA,68020,0479,Cabecera Municipal,100.0
140,LACHIGULERA,68026,0480,San Felipe del Agua,100.0
141,LAS CAMPANAS,68090,0575,San Martín Mexicapam de Cárdenas,100.0
142,LAS CASITAS DE DON LUIS,68090,0566,Cabecera Municipal,100.0
143,LAS FLORES,68050,2454,Cabecera Municipal,100.0
144,LAS PALMAS,68157,0591,San Juan Chapultepec,100.0
145,LAS PEÑAS,68157,0596,San Juan Chapultepec,80.3
145,LAS PEÑAS,68157,0605,San Juan Chapultepec,19.7
146,LAZARO CARDENAS,68140,0541,San Martín Mexicapam de Cárdenas,66.5
146,LAZARO CARDENAS,68140,0561,San Martín Mexicapam de Cárdenas,33.5
147,"LEONARDO RODRIGUEZ ALCAINE, 1RA ETAPA",68157,0593,San Juan Chapultepec,100.0
148,"LEONARDO RODRIGUEZ ALCAINE, 2DA ETAPA",68157,0592,San Juan Chapultepec,100.0
149,LIBERTAD,68090,0566,Cabecera Municipal,60.1
149,LIBERTAD,68090,0574,Cabecera Municipal,39.9
150,LINDA VISTA,68010,0522,Cabecera Municipal,74.3
150,LINDA VISTA,68010,0526,Cabecera Municipal,14.3
150,LINDA VISTA,68010,0525,Cabecera Municipal,11.3
151,LOMA BONITA,68010,0474,Santa Rosa Panzacola,100.0
152,LOMA LINDA,68050,0488,Cabecera Municipal,100.0
153,LOMAS DE ANTEQUERA,68066,0536,Cabecera Municipal,100.0
154,LOMAS DE LA AZUCENA,68040,0527,Cabecera Municipal,100.0
155,LOMAS DE LA CASCADA,68040,0521,Cabecera Municipal,100.0
156,LOMAS DE LA CASCADA,68040,0528,Cabecera Municipal,70.5
156,LOMAS DE LA CASCADA,68040,0507,Cabecera Municipal,29.5
157,LOMAS DE LOS PINOS,68140,0578,San Martín Mexicapam de Cárdenas,100.0
158,LOMAS DE OAXACA,68026,0480,San Felipe del Agua,100.0
159,LOMAS DE PATRIA NUEVA,68018,2470,Pueblo Nuevo,100.0
160,LOMAS DE SAN JACINTO,68015,0500,Cabecera Municipal,100.0
161,LOMAS DE SAN JACINTO,68010,0501,Santa Rosa Panzacola,82.0
161,LOMAS DE SAN JACINTO,68010,0502,Santa Rosa Panzacola,18.0
162,LOMAS DE SAN JUAN,68157,0592,San Juan Chapultepec,51.7
162,LOMAS DE SAN JUAN,68157,0593,San Juan Chapultepec,48.3
163,LOMAS DE SANTA ROSA,68039,0487,Santa Rosa Panzacola,82.5
163,LOMAS DE SANTA ROSA,68039,0486,Santa Rosa Panzacola,11.1
163,LOMAS DE SANTA ROSA,68039,2479,Santa Rosa Panzacola,6.4
164,LOMAS DE SANTA ROSA,68010,0502,Santa Rosa Panzacola,100.0
165,LOMAS DEL CRESTON,68050,0508,Cabecera Municipal,56.6
165,LOMAS DEL CRESTON,68050,0488,Cabecera Municipal,43.4
166,LOMAS PANORAMICAS,68010,0473,Santa Rosa Panzacola,64.4
166,LOMAS PANORAMICAS,68010,0474,Santa Rosa Panzacola,35.6
167,LOMAS SAN FELIPE,68020,0480,San Felipe del Agua,100.0
168,LOS 7 PRINCIPES,68120,0600,Cabecera Municipal,100.0
169,LOS ANGELES,68018,0471,Pueblo Nuevo,100.0
170,LOS CEDROS,68010,0504,Santa Rosa Panzacola,100.0
171,LOS ENCINOS,68018,0616,Trinidad de Viguera,100.0
172,LOS MANGALES,68040,0529,Cabecera Municipal,100.0
173,LOS PINOS,68010,0525,Cabecera Municipal,100.0
174,LOS RIOS,68028,0513,Cabecera Municipal,100.0
175,LUIS DONALDO COLOSIO,68140,0578,San Martín Mexicapam de Cárdenas,100.0
176,LUIS JIMENEZ FIGUEROA,68040,0547,Cabecera Municipal,100.0
177,MANANTIAL,68018,0471,Pueblo Nuevo,100.0
178,MANANTIAL,68018,2474,Pueblo Nuevo,100.0
179,MANUEL AVILA CAMACHO,68020,0478,San Luis Beltrán,100.0
180,MANUEL SABINO CRESPO,68140,0500,Cabecera Municipal,100.0
181,MANZANA 48 A,68018,0471,Pueblo Nuevo,100.0
182,MANZANA 48 B,68018,0471,Pueblo Nuevo,100.0
183,MARGARITA MAZA,68140,0562,San Martín Mexicapam de Cárdenas,42.7
183,MARGARITA MAZA,68140,0577,San Martín Mexicapam de Cárdenas,39.6
183,MARGARITA MAZA,68140,0578,San Martín Mexicapam de Cárdenas,17.7
184,MARGARITAS,68010,0525,Cabecera Municipal,100.0
185,MARTIRES DE RIO BLANCO,68050,0488,Cabecera Municipal,69.1
185,MARTIRES DE RIO BLANCO,68050,0508,Cabecera Municipal,25.2
185,MARTIRES DE RIO BLANCO,68050,0500,Cabecera Municipal,5.7
186,MARTIRES DE TACUBAYA,68050,0507,Cabecera Municipal,82.1
186,MARTIRES DE TACUBAYA,68050,0488,Cabecera Municipal,11.5
186,MARTIRES DE TACUBAYA,68050,0508,Cabecera Municipal,6.4
187,MICROONDAS,68050,0500,Cabecera Municipal,100.0
188,MIGUEL ALEMAN,68120,0590,Cabecera Municipal,39.5
188,MIGUEL ALEMAN,68120,0612,Cabecera Municipal,32.8
188,MIGUEL ALEMAN,68120,0606,Cabecera Municipal,27.7
189,MIGUEL HIDALGO,68140,0560,San Martín Mexicapam de Cárdenas,58.3
189,MIGUEL HIDALGO,68140,0561,San Martín Mexicapam de Cárdenas,33.0
189,MIGUEL HIDALGO,68140,0562,San Martín Mexicapam de Cárdenas,8.7
190,MIRAVALLE,68018,0616,Trinidad de Viguera,52.0
190,MIRAVALLE,68018,0471,Pueblo Nuevo,48.0
191,MOCTEZUMA,68140,0578,San Martín Mexicapam de Cárdenas,60.6
191,MOCTEZUMA,68140,0560,San Martín Mexicapam de Cárdenas,39.4
192,MOCTEZUMA SECTOR SUR,68140,0579,San Martín Mexicapam de Cárdenas,100.0
193,MODELO,68080,0570,Cabecera Municipal,54.6
193,MODELO,68080,0569,Cabecera Municipal,45.4
194,MONTE ALBAN,68140,0579,San Martín Mexicapam de Cárdenas,73.1
194,MONTE ALBAN,68140,0594,San Juan Chapultepec,26.9
195,MONTOYA,68036,2480,Montoya,35.5
195,MONTOYA,68036,0542,Montoya,30.9
195,MONTOYA,68036,0524,Montoya,22.4
195,MONTOYA,68036,2481,Montoya,11.2
196,MORELOS,68110,0586,Cabecera Municipal,93.0
196,MORELOS,68110,0587,Cabecera Municipal,7.0
197,NETZAHUALCOYOTL,68140,0563,San Martín Mexicapam de Cárdenas,56.9
197,NETZAHUALCOYOTL,68140,0562,San Martín Mexicapam de Cárdenas,31.1
197,NETZAHUALCOYOTL,68140,0577,San Martín Mexicapam de Cárdenas,11.0
198,NEZA CUBI,68010,0502,Santa Rosa Panzacola,100.0
199,NIÑO ARTILLERO,68018,0616,Trinidad de Viguera,100.0
200,NIÑOS HEROES,68010,0525,Cabecera Municipal,100.0
201,NUESTRA SEÑORA,68120,0603,Cinco Señores,100.0
202,OBRERA,68115,0600,Cabecera Municipal,62.0
202,OBRERA,68115,0588,Cabecera Municipal,38.0
203,OJITO DE AGUA,68040,0538,Cabecera Municipal,63.1
203,OJITO DE AGUA,68040,0537,Cabecera Municipal,36.9
204,OJO DE AGUA,68040,0500,Cabecera Municipal,100.0
205,OLIMPICA,68020,0489,Cabecera Municipal,100.0
206,ORQUIDEAS,68018,0483,Santa Rosa Panzacola,100.0
207,PARAJE CABALLETILLO,68018,0616,Trinidad de Viguera,100.0
208,PARAJE EL CERRITO,68018,0616,Trinidad de Viguera,100.0
209,PARAJE LOS ARCOS,68018,0616,Trinidad de Viguera,100.0
210,PARAJE PIOQUINTO,68108,0616,Trinidad de Viguera,100.0
211,PARAJE RIO DULCE,68018,0616,Trinidad de Viguera,100.0
212,PARAJE SANTA MARIA,68050,2476,Pueblo Nuevo,100.0
213,PASAJUEGO,68010,0539,Cabecera Municipal,90.0
213,PASAJUEGO,68010,0525,Cabecera Municipal,10.0
214,PATRIA NUEVA,68018,2472,Pueblo Nuevo,57.7
214,PATRIA NUEVA,68018,2474,Pueblo Nuevo,38.8
214,PATRIA NUEVA,68018,2470,Pueblo Nuevo,3.6
215,PEDREGAL DEL SUR,68140,0605,San Juan Chapultepec,100.0
216,PINTORES,68157,0593,San Juan Chapultepec,100.0
217,PLAZA DEL VALLE,68130,0615,Candiani,100.0
218,POPULAR GUADALUPE VICTORIA,68026,0505,Guadalupe Victoria,100.0
219,POSTAL,68020,0585,Cabecera Municipal,100.0
220,POZAS ARCAS,68040,0507,Cabecera Municipal,100.0
221,PRESA SAN FELIPE,68044,0489,Cabecera Municipal,100.0
222,PRESIDENTE JUAREZ,68140,0577,San Martín Mexicapam de Cárdenas,66.0
222,PRESIDENTE JUAREZ,68140,0578,San Martín Mexicapam de Cárdenas,34.0
223,PRESIDENTES DE MEXICO,68018,2474,Pueblo Nuevo,100.0
224,PRIMAVERA,68090,0575,San Martín Mexicapam de Cárdenas,100.0
225,PROVIDENCIA,68050,0500,Cabecera Municipal,100.0
226,PUEBLO NUEVO,68018,0472,Pueblo Nuevo,55.6
226,PUEBLO NUEVO,68018,0471,Pueblo Nuevo,44.4
227,PUNTO TRINO,68157,0593,San Juan Chapultepec,100.0
228,REAL CANDIANI,68130,0615,Candiani,100.0
229,REAL CASA BLANCA,68010,0559,San Martín Mexicapam de Cárdenas,100.0
230,REAL CASA BLANCA 2,68010,0559,San Martín Mexicapam de Cárdenas,100.0
231,REFORESTACION,68018,2474,Pueblo Nuevo,100.0
232,REFORMA,68050,0534,Cabecera Municipal,16.4
232,REFORMA,68050,0509,Cabecera Municipal,14.7
232,REFORMA,68050,0530,Cabecera Municipal,12.0
232,REFORMA,68050,0532,Cabecera Municipal,11.8
232,REFORMA,68050,0529,Cabecera Municipal,10.6
232,REFORMA,68050,0551,Cabecera Municipal,9.8
232,REFORMA,68050,0533,Cabecera Municipal,7.4
232,REFORMA,68050,0531,Cabecera Municipal,7.2
232,REFORMA,68050,0550,Cabecera Municipal,6.7
232,REFORMA,68050,0552,Cabecera Municipal,3.1
233,RESIDENCIAL EX- HACIENDA DE GUADALUPE,68026,0481,Guadalupe Victoria,100.0
234,RESIDENCIAL GALAHUI,68090,0576,San Martín Mexicapam de Cárdenas,100.0
235,RESIDENCIAL SAN FELIPE,68120,0489,Cabecera Municipal,100.0
236,RESIDENCIAL SAN MARTIN,68140,0559,San Martín Mexicapam de Cárdenas,100.0
237,RESOLANA,68050,0534,Cabecera Municipal,100.0
238,REVOLUCION,68010,0504,Santa Rosa Panzacola,100.0
239,RICARDO FLORES MAGON,68058,0517,Cabecera Municipal,45.5
239,RICARDO FLORES MAGON,68058,0516,Cabecera Municipal,32.5
239,RICARDO FLORES MAGON,68058,0515,Cabecera Municipal,11.7
239,RICARDO FLORES MAGON,68058,0518,Cabecera Municipal,10.2
240,RICARDO FLORES MAGON FOVISSSTE,68020,0510,Cabecera Municipal,100.0
241,RINCON DEL ACUEDUCTO,68040,0529,Cabecera Municipal,100.0
242,RINCONES DE XOCHIMILCO,68010,0500,Cabecera Municipal,100.0
243,RIO DULCE PARTE BAJA,68018,0616,Trinidad de Viguera,100.0
244,SAN BERNARDO,68018,0616,Trinidad de Viguera,100.0
245,SAN CARLOS,68050,0481,Guadalupe Victoria,100.0
246,SAN FELIPE DEL AGUA,68020,0476,San Felipe del Agua,57.1
246,SAN FELIPE DEL AGUA,68020,0480,San Felipe del Agua,28.6
246,SAN FELIPE DEL AGUA,68020,0481,Guadalupe Victoria,10.3
246,SAN FELIPE DEL AGUA,68020,0479,Cabecera Municipal,4.0
247,SAN FRANCISCO,68030,0523,Cabecera Municipal,75.1
247,SAN FRANCISCO,68030,0505,Guadalupe Victoria,24.9
248,SAN ISIDRO,68018,2473,Pueblo Nuevo,58.1
248,SAN ISIDRO,68018,2472,Pueblo Nuevo,36.4
248,SAN ISIDRO,68018,2474,Pueblo Nuevo,5.5
249,SAN JOSE LA NORIA,68120,0608,Cabecera Municipal,49.9
249,SAN JOSE LA NORIA,68120,0607,Cabecera Municipal,24.2
249,SAN JOSE LA NORIA,68120,0603,Cinco Señores,20.1
249,SAN JOSE LA NORIA,68120,0610,Cinco Señores,5.8
250,SAN JUAN CHAPULTEPEC,68157,0591,San Juan Chapultepec,53.7
250,SAN JUAN CHAPULTEPEC,68157,0592,San Juan Chapultepec,27.1
250,SAN JUAN CHAPULTEPEC,68157,0595,San Juan Chapultepec,19.1
251,SAN LUIS BELTRAN,68059,0477,Donají,94.6
251,SAN LUIS BELTRAN,68059,0478,San Luis Beltrán,5.4
252,SAN MARTIN MEXICAPAN,68090,0564,San Martín Mexicapam de Cárdenas,47.1
252,SAN MARTIN MEXICAPAN,68090,0576,San Martín Mexicapam de Cárdenas,35.4
252,SAN MARTIN MEXICAPAN,68090,0575,San Martín Mexicapam de Cárdenas,17.5
253,SAN PEDRO,68274,2470,Pueblo Nuevo,94.5
253,SAN PEDRO,68274,2474,Pueblo Nuevo,5.5
254,SAN RAFAEL,68010,0473,Santa Rosa Panzacola,100.0
255,SANTA ANITA,68150,0597,San Juan Chapultepec,78.2
255,SANTA ANITA,68150,0605,San Juan Chapultepec,14.9
255,SANTA ANITA,68150,0590,Cabecera Municipal,6.9
256,SANTA MARIA,68030,0537,Cabecera Municipal,54.6
256,SANTA MARIA,68030,0538,Cabecera Municipal,30.3
256,SANTA MARIA,68030,0539,Cabecera Municipal,15.1
257,SANTA MARIA AYU,68010,0502,Santa Rosa Panzacola,100.0
258,SANTA ROSA,68010,0504,Santa Rosa Panzacola,100.0
259,SANTA ROSA PANZACOLA,68039,0485,Santa Rosa Panzacola,43.1
259,SANTA ROSA PANZACOLA,68039,0504,Santa Rosa Panzacola,27.9
259,SANTA ROSA PANZACOLA,68039,0505,Guadalupe Victoria,23.4
259,SANTA ROSA PANZACOLA,68039,0484,Santa Rosa Panzacola,5.5
260,SANTO TOMAS,68018,0500,Cabecera Municipal,100.0
261,SATELITE,68120,0609,Cinco Señores,100.0
262,SAUCES,68010,0484,Santa Rosa Panzacola,100.0
263,SIETE REGIONES,68023,0493,Cabecera Municipal,54.2
263,SIETE REGIONES,68023,0494,Cabecera Municipal,41.2
263,SIETE REGIONES,68023,0478,San Luis Beltrán,4.6
264,SOLIDARIDAD (10 DE ABRIL),68130,2477,Santa Rosa Panzacola,82.1
264,SOLIDARIDAD (10 DE ABRIL),68130,2479,Santa Rosa Panzacola,13.6
264,SOLIDARIDAD (10 DE ABRIL),68130,2478,Santa Rosa Panzacola,4.3
265,SURCOS LARGOS,68120,0609,Cinco Señores,100.0
266,TRINIDAD DE LAS HUERTAS,68120,0600,Cabecera Municipal,100.0
267,TRINIDAD DE LAS HUERTAS,68120,0610,Cinco Señores,51.4
267,TRINIDAD DE LAS HUERTAS,68120,0603,Cinco Señores,48.6
268,TULIPANES,68010,0485,Santa Rosa Panzacola,100.0
269,UNIDAD FERROCARRILERA,68010,0565,Cabecera Municipal,100.0
270,UNION,68010,0544,Cabecera Municipal,64.0
270,UNION,68010,0558,Cabecera Municipal,36.0
271,UNION Y PROGRESO,68050,0530,Cabecera Municipal,100.0
272,VALLE ESMERALDA,68130,0609,Cinco Señores,100.0
273,VICENTE SUAREZ,68010,0525,Cabecera Municipal,41.7
273,VICENTE SUAREZ,68010,0539,Cabecera Municipal,40.2
273,VICENTE SUAREZ,68010,0544,Cabecera Municipal,18.1
274,VICTORIA,68040,0546,Cabecera Municipal,100.0
275,VIGUERA,68018,0616,Trinidad de Viguera,100.0
276,VILLA DE ANTEQUERA,68020,0489,Cabecera Municipal,56.9
276,VILLA DE ANTEQUERA,68020,0499,Cabecera Municipal,43.1
277,VILLA DE SAN LUIS,68028,0513,Cabecera Municipal,100.0
278,VILLA DEL MARQUEZ,68010,0525,Cabecera Municipal,100.0
279,VILLA SANTA ROSA,68039,0502,Santa Rosa Panzacola,100.0
280,VILLAFRONTU,68020,0480,San Felipe del Agua,100.0
281,VILLAS MONTE ALBAN,68036,0524,Montoya,100.0
282,VISTA HERMOSA,68010,0474,Santa Rosa Panzacola,56.3
282,VISTA HERMOSA,68010,0475,Santa Rosa Panzacola,43.7
283,VOLCANES,68020,0490,Cabecera Municipal,29.9
283,VOLCANES,68020,0491,Cabecera Municipal,22.3
283,VOLCANES,68020,0497,Cabecera Municipal,19.3
283,VOLCANES,68020,0496,Cabecera Municipal,11.2
283,VOLCANES,68020,0479,Cabecera Municipal,6.7
283,VOLCANES,68020,0481,Guadalupe Victoria,6.0
283,VOLCANES,68020,0492,Cabecera Municipal,4.7
284,VOLCANES AMPLIACION,68020,0479,Cabecera Municipal,65.9
284,VOLCANES AMPLIACION,68020,0492,Cabecera Municipal,34.1
285,XOCHIMILCO,68040,0535,Cabecera Municipal,59.9
285,XOCHIMILCO,68040,0548,Cabecera Municipal,27.0
285,XOCHIMILCO,68040,0528,Cabecera Municipal,9.2
285,XOCHIMILCO,68040,0547,Cabecera Municipal,3.8
286,ZOMPANTLES,68018,0616,Trinidad de Viguera,100.0
